match_id,frame_id,extractor_decision,extractor_reasons,human_review,review_note
DFL-MAT-J03WMX,11413,accepted,,unreviewed,
DFL-MAT-J03WMX,11313,accepted,,unreviewed,
DFL-MAT-J03WMX,10763,accepted,,unreviewed,
DFL-MAT-J03WMX,17763,accepted,,unreviewed,
DFL-MAT-J03WMX,19063,accepted,,unreviewed,
DFL-MAT-J03WMX,11713,accepted,,unreviewed,
DFL-MAT-J03WMX,14513,accepted,,unreviewed,
DFL-MAT-J03WMX,16513,accepted,,unreviewed,
DFL-MAT-J03WMX,13513,accepted,,unreviewed,
DFL-MAT-J03WMX,11863,accepted,,unreviewed,
DFL-MAT-J03WMX,21063,accepted,,unreviewed,
DFL-MAT-J03WMX,21613,accepted,,unreviewed,
DFL-MAT-J03WMX,16413,rejected,unstable_control_history,unreviewed,
DFL-MAT-J03WMX,19413,rejected,ball_carrier_too_far|unstable_control_history,unreviewed,
DFL-MAT-J03WMX,10613,rejected,unstable_control_history|unstable_event_window,unreviewed,
DFL-MAT-J03WMX,21663,accepted,,unreviewed,
DFL-MAT-J03WMX,14563,rejected,ball_carrier_too_far|unstable_control_history,unreviewed,
DFL-MAT-J03WMX,23363,rejected,unstable_control_history|unstable_event_window,unreviewed,
DFL-MAT-J03WMX,17413,rejected,ball_carrier_too_far|unstable_control_history,unreviewed,
DFL-MAT-J03WMX,21263,accepted,,unreviewed,
DFL-MAT-J03WMX,13813,rejected,ball_carrier_too_far,unreviewed,
DFL-MAT-J03WMX,16163,rejected,ball_carrier_too_far|unstable_control_history,unreviewed,
DFL-MAT-J03WMX,21013,rejected,ball_carrier_too_far|unstable_control_history,unreviewed,
DFL-MAT-J03WMX,12313,rejected,ball_carrier_too_far|unstable_control_history,unreviewed,
DFL-MAT-J03WMX,22713,rejected,ball_carrier_too_far|unstable_control_history,unreviewed,
DFL-MAT-J03WMX,10063,rejected,ball_carrier_too_far|unstable_control_history|set_piece_window,unreviewed,
DFL-MAT-J03WMX,15613,rejected,ball_carrier_too_far|unstable_control_history,unreviewed,
DFL-MAT-J03WMX,10563,rejected,ball_carrier_too_far|unstable_control_history|set_piece_window|unstable_event_window,unreviewed,
DFL-MAT-J03WMX,18613,rejected,ball_carrier_too_far|unstable_control_history,unreviewed,
DFL-MAT-J03WMX,16213,rejected,ball_carrier_too_far|unstable_control_history|set_piece_window,unreviewed,
DFL-MAT-J03WMX,22413,rejected,ball_carrier_too_far|unstable_control_history,unreviewed,
DFL-MAT-J03WMX,24363,rejected,ball_carrier_too_far|unstable_control_history|unstable_event_window,unreviewed,
DFL-MAT-J03WMX,24813,rejected,ball_carrier_too_far|unstable_control_history,unreviewed,
DFL-MAT-J03WMX,23863,rejected,ball_carrier_too_far|unstable_control_history|set_piece_window,unreviewed,
DFL-MAT-J03WMX,10363,rejected,ball_carrier_too_far|unstable_control_history,unreviewed,
DFL-MAT-J03WMX,13413,rejected,unstable_event_window,unreviewed,
