report_kind,match_id,frame_id,player_id,review,note
scene,DFL-MAT-J03WMX,10663,,valid,
scene,DFL-MAT-J03WMX,11863,,valid,
scene,DFL-MAT-J03WMX,14213,,valid,
scene,DFL-MAT-J03WMX,16363,,valid,
scene,DFL-MAT-J03WMX,18663,,valid,
scene,DFL-MAT-J03WMX,19963,,valid,
scene,DFL-MAT-J03WMX,21363,,valid,
scene,DFL-MAT-J03WMX,24913,,valid,
scene,DFL-MAT-J03WMX,18563,,invalid,
scene,DFL-MAT-J03WMX,16263,,invalid,
scene,DFL-MAT-J03WMX,13413,,valid,
scene,DFL-MAT-J03WMX,16463,,invalid,
scene,DFL-MAT-J03WMX,19013,,valid,
scene,DFL-MAT-J03WMX,11663,,invalid,
scene,DFL-MAT-J03WMX,10563,,invalid,
scene,DFL-MAT-J03WMX,22063,,invalid,
