"match_id","onset_frame_id","runner_id","onset_review","possession_review","interaction_review","note"
"DFL-MAT-J03WMX","136111","DFL-OBJ-0027G6","too_late","settled","possible","너무 2대1 이라는거에 집중하고있는데, 오프더볼 움직임으로 박스 입구쪽에 공간이 생겼음."
"DFL-MAT-J03WMX","37471","DFL-OBJ-0026PM","correct","settled","clear",""
"DFL-MAT-J03WMX","135546","DFL-OBJ-0027G6","correct","settled","possible",""
"DFL-MAT-J03WMX","74082","DFL-OBJ-J017RE","correct","settled","none",""
"DFL-MAT-J03WOH","53844","DFL-OBJ-0000F8","correct","settled","clear","공잡은 선수쪽으로 수비가 쏠리면서, 본인 앞공간에 프리하게 열려있음."
"DFL-MAT-J03WOH","53833","DFL-OBJ-00003X","correct","settled","clear",""
"DFL-MAT-J03WOH","36179","DFL-OBJ-00003X","correct","settled","clear",""
"DFL-MAT-J03WOH","147851","DFL-OBJ-002G5J","correct","transition","unclear","그냥 뛰는거같아."
"DFL-MAT-J03WOY","24414","DFL-OBJ-002FXT","correct","settled","possible","애매하긴해. 본인 앞 공간을 위협하는 움직임이지, 뭔가 공간을 열어준다의 개념인가?"
"DFL-MAT-J03WOY","165978","DFL-OBJ-J01MF0","correct","settled","unreviewed","이 선수가 잘못움직여서 그렇지, 폭을 벌려서 공잡은 선수에게 더 많은 공간을 준다거나 할 수 있었음."
"DFL-MAT-J03WOY","122423","DFL-OBJ-0025BB","too_late","settled","unclear",""
"DFL-MAT-J03WOY","125240","DFL-OBJ-002G5J","too_late","settled","clear",""
"DFL-MAT-J03WPY","144747","DFL-OBJ-0028BZ","correct","settled","clear",""
"DFL-MAT-J03WPY","34387","DFL-OBJ-0028BZ","correct","settled","unclear","이 선수의 움직임은 오히려, 다른 공격수 친구가 중앙 수비 둘을 묶으면서 이동하면서 생긴 공간을 이용해먹는 움직임으로 보여."
"DFL-MAT-J03WPY","149110","DFL-OBJ-J01KJ5","correct","settled","clear",""
"DFL-MAT-J03WPY","70332","DFL-OBJ-002FXT","correct","settled","unclear",""
"DFL-MAT-J03WQQ","28253","DFL-OBJ-00008K","correct","settled","unclear","앞으로 잘라 들어가는 움직임이, 땅볼 크로스에 대해서 본인이 잘라먹으려는 움직임인지, 이렇게 해서 중앙쪽 공간을 만들어주려하는건지 헷갈려."
"DFL-MAT-J03WQQ","77703","DFL-OBJ-J014L2","unclear","settled","none",""
"DFL-MAT-J03WQQ","73928","DFL-OBJ-002GIY","correct","settled","none","그냥 공격 전개에 따라서 움직이는거같아. 앞으로 공이 전진하니까 포메이션 맞춰서 전진하는 느낌."
"DFL-MAT-J03WQQ","109925","DFL-OBJ-002GIY","correct","settled","possible",""
"DFL-MAT-J03WR9","131237","DFL-OBJ-J01KJ5","correct","settled","clear",""
"DFL-MAT-J03WR9","29751","DFL-OBJ-002GM1","correct","settled","clear",""
"DFL-MAT-J03WR9","140518","DFL-OBJ-00265G","correct","settled","clear",""
"DFL-MAT-J03WR9","61841","DFL-OBJ-J01KJ5","correct","settled","clear",""