"match_id","shot_frame_id","event_id","phase_review","best_start","viewed_start","note"
"DFL-MAT-J03WMX","147027","18226500001392","not_attack_context","unreviewed","attacking_half","10초전으로 해서 넓게 보면, 6.1초에 공이 주황팀에서 나가는것처럼 보이는데, 파란팀이 찬 공이 주황색 팀을 지나가는 과정이야. 결국 파란팀이 수비쪽에서 공 걷어내다가 뺏기는 장면인거야. 뺏기는건 추포모팅 쪽으로 공이 가면서 뺏기는거야."
"DFL-MAT-J03WMX","55535","18226500000602","valid","attacking_half","possession",""
"DFL-MAT-J03WMX","115922","18226500001065","ambiguous","unreviewed","attacking_half","전개하다가 뺏기고, 스로인 준비시간 너무 길고, 마지막도 그냥 흐른 공 슈팅한거라 애매해보임."
"DFL-MAT-J03WN1","125121","18226900000899","valid","unreviewed","window_10","2대1 보기에는 좀 애매해보임."
"DFL-MAT-J03WN1","11386","18226900000023","valid","attacking_half","window_10",""
"DFL-MAT-J03WN1","37079","18226900000272","valid","attacking_half","attacking_half","좋긴한데, 눈에 띄는 2대1 장면이라던가 이런게 보이진않네. 공잡고 크로스 올리는게 전부니까."
"DFL-MAT-J03WOH","158639","18232100001245","ambiguous","unreviewed","window_10","전개하다가 크로스 올렸는데, 수비맞으면서 소유권 바뀌었다가 수비 미스로 나오는 공을 바로 슈팅하는거라, 우리가 장면으로 뽑기엔 애매해보여."
"DFL-MAT-J03WOH","120925","18232100000968","valid","possession","possession",""
"DFL-MAT-J03WOH","131343","18232100001006","valid","window_10","window_10","중간에 하나 애매한게, 롱볼 붙여서 거기서 경합 성공해서 이어지거든? 롱볼 붙여서 경합하는거 자체가 안정적인 소유일까? 아닐거같기도해서."
"DFL-MAT-J03WOY","34747","18233800000273","ambiguous","unreviewed","window_10","중간에 경합 따서 성공해서 찬스가 나오는거라 애매함."
"DFL-MAT-J03WOY","151616","18233800001240","ambiguous","unreviewed","attacking_half",""
"DFL-MAT-J03WOY","24489","18233800000186","valid","window_15","window_15",""
"DFL-MAT-J03WPY","117616","18237400000929","valid","attacking_half","window_10","너무 짧아서, 빼버리는게 나을듯?"
"DFL-MAT-J03WPY","172581","18237400001417","valid","attacking_half","possession",""
"DFL-MAT-J03WPY","111095","18237400000860","valid","window_10","window_10",""
"DFL-MAT-J03WQQ","140059","18240200001210","not_attack_context","unreviewed","window_15","경합 우당탕 하다가 슈팅나온거라 애매함."
"DFL-MAT-J03WQQ","69075","18240200000706","valid","unreviewed","possession","애매한게, 헤딩 경합 성공 후 얼마 안있다가 슈팅이라 애매."
"DFL-MAT-J03WQQ","125564","18240200001066","ambiguous","unreviewed","attacking_half",""
"DFL-MAT-J03WR9","70093","18242100000653","valid","unreviewed","attacking_half","너무 시간이 짧고, 전개되는것도 별로 없어서 애매함."
"DFL-MAT-J03WR9","168797","18242100001324","valid","attacking_half","attacking_half",""
"DFL-MAT-J03WR9","62243","18242100000567","valid","unreviewed","attacking_half",""