frame_id,constant_velocity,damped_constant_velocity,empirical_reference,hold,cv_minus_empirical_m,audit_stratum,audit_order
21563,1.5723660928184786,2.332716347714837,2.2030997621418793,10.576866461004595,-0.6307336693234007,empirical_worse,1
14863,1.742083048237046,2.496176460436362,2.345371557742818,9.60881065461738,-0.6032885095057718,empirical_worse,2
21613,1.983767185755972,2.251898984721909,2.532029753944188,9.487059862360512,-0.5482625681882161,empirical_worse,3
14913,1.602774285591884,1.9580673889678568,2.0068605293942645,9.815615620480537,-0.40408624380238045,empirical_worse,4
24263,1.3695809072980984,1.38018566317134,1.2555037161364246,3.9307658804580923,0.11407719116167381,similar,5
13413,1.9629625973250107,2.0697250248943027,1.848109928753992,4.33561851877668,0.11485266857101872,similar,6
13713,2.097822825985731,2.1941354967715165,1.981990871055959,6.037859802719841,0.11583195492977216,similar,7
18263,1.3589598080285143,1.3149497090657296,1.223160249224898,3.0400220177709767,0.13579955880361627,similar,8
24713,4.5843024126659815,3.8481023098542764,3.6437931820525327,4.017769981237347,0.9405092306134488,empirical_better,9
20263,2.9135198484307976,2.3424378064021316,1.9459294889034886,5.3077092913139925,0.967590359527309,empirical_better,10
11863,3.6949199378997166,2.884824739564798,2.6413816585658174,4.2262542936425245,1.0535382793338992,empirical_better,11
13363,3.858926804680955,3.3622346854833665,2.223039454503298,3.020656732352447,1.635887350177657,empirical_better,12
