model,horizon_seconds,team_phase,team_scene_count,mean_centroid_error_m,mean_team_depth_error_m,mean_team_width_error_m,mean_pairwise_distance_mae_m,mean_offside_line_error_m
hold,0.5,in_possession,96,0.8590168085218638,0.6099479166666674,0.7595312500000002,0.7367506109012686,
constant_velocity,0.5,in_possession,96,0.08418416700608172,0.1587631725912805,0.17728165064099288,0.15562900826745718,
damped_constant_velocity,0.5,in_possession,96,0.08948393891247182,0.1560681216542216,0.17845130378537363,0.1531832123757253,
empirical_reference,0.5,in_possession,96,0.1002594973416792,0.35237630884917914,0.17252927503978135,0.186801625608513,
hold,1.0,in_possession,96,1.6985744839838912,1.2226041666666667,1.47,1.4239857675928551,
constant_velocity,1.0,in_possession,96,0.30242992322460066,0.4997188228437965,0.5173840569152297,0.509971552769154,
damped_constant_velocity,1.0,in_possession,96,0.3190346446651557,0.4908913048210189,0.5115988372687942,0.4893674509566576,
empirical_reference,1.0,in_possession,96,0.31005971952403877,0.6963795097266564,0.5034254813772397,0.520217063938739,
hold,1.5,in_possession,96,2.501903678799056,1.841875000000001,2.1195833333333334,2.055636649737865,
constant_velocity,1.5,in_possession,96,0.6371931253247436,0.9447587048368167,0.9873422931234622,1.021079950954882,
damped_constant_velocity,1.5,in_possession,96,0.6649169415360155,0.9321485151333131,0.9535418365066954,0.9522752140814638,
empirical_reference,1.5,in_possession,96,0.636623419604379,1.0082105490982485,0.9714315075209451,0.9609534097382596,
hold,2.0,in_possession,96,3.276057222469776,2.4196874999999998,2.6354166666666665,2.6356209593135334,
constant_velocity,2.0,in_possession,96,1.0801125512695877,1.4311676864801635,1.501952942890334,1.6536568622478793,
damped_constant_velocity,2.0,in_possession,96,1.110599120391945,1.3682398166623748,1.3975577462618916,1.5079577425152049,
empirical_reference,2.0,in_possession,96,1.0743424479314223,1.32989600063016,1.4262796793444068,1.488048971168799,
hold,0.5,out_of_possession,96,0.9921524770969171,0.7530208333333337,0.6728124999999991,0.7303324850963132,0.7509895833333333
constant_velocity,0.5,out_of_possession,96,0.10869045948073967,0.15768077408700573,0.17715168512041865,0.17256047395910393,0.13164724164723876
damped_constant_velocity,0.5,out_of_possession,96,0.11649803666585838,0.15517911760967515,0.17688202240461712,0.16819273903453555,0.13723596398630197
empirical_reference,0.5,out_of_possession,96,0.12053928651053825,0.41485100444229167,0.1637545380421336,0.20477720486351517,0.12148914748638655
hold,1.0,out_of_possession,96,1.9519848228173702,1.420208333333334,1.3331249999999992,1.4082246910829166,1.5078125
constant_velocity,1.0,out_of_possession,96,0.40795493597696253,0.5598396221833277,0.5416023212897878,0.5977973862550128,0.4143457410644742
damped_constant_velocity,1.0,out_of_possession,96,0.4309209477071076,0.538140280043788,0.5362910358604626,0.5675447584440374,0.41716135974657337
empirical_reference,1.0,out_of_possession,96,0.41143191532656037,0.8916674928623082,0.5183203053797693,0.6038971844273509,0.39009170612295546
hold,1.5,out_of_possession,96,2.87407968448854,1.9818229166666683,1.9538541666666671,2.0136886773969875,2.1841145833333333
constant_velocity,1.5,out_of_possession,96,0.8984175503878825,1.150061370920702,1.0352982954544874,1.2132639749716507,0.8418185460372719
damped_constant_velocity,1.5,out_of_possession,96,0.9291693815792202,1.0781753339883788,0.9638732278177672,1.121533832158258,0.8226127869376464
empirical_reference,1.5,out_of_possession,96,0.8911700309483649,1.495851229520424,0.9541233444266934,1.1424068200279942,0.7673191036933155
hold,2.0,out_of_possession,96,3.7841488144960818,2.4277083333333334,2.487708333333334,2.562674894925669,2.807395833333333
constant_velocity,2.0,out_of_possession,96,1.5414408569370375,1.8260394813518912,1.592486888111816,1.9493689026150471,1.4133619852369437
damped_constant_velocity,2.0,out_of_possession,96,1.5672995626725326,1.680139025671829,1.4401708071697765,1.760883253047025,1.325358807744928
empirical_reference,2.0,out_of_possession,96,1.5216408171602318,2.1200294679984792,1.3638789019288229,1.7597959050348349,1.2219954523958287
