scope,model,horizon_seconds,observation_count,scene_count,mean_position_error_m,median_position_error_m,p90_position_error_m,rmse_position_error_m,mean_speed_error_mps,median_heading_error_degrees,heading_observation_count,boundary_clip_rate
all_outfield,hold,0.5,1920,96,1.2450759493605714,1.1024513614859233,2.3057519734599605,1.4522984746170466,2.4911379436621077,,0,0.0026041666666666665
all_outfield,constant_velocity,0.5,1920,96,0.19071763671014771,0.1327566332243501,0.42338513927582944,0.26131435020282395,0.3077379003113229,6.802180747590615,1820,0.003125
all_outfield,damped_constant_velocity,0.5,1920,96,0.19399687256413348,0.14217933078346257,0.41218329237778545,0.25857825154905956,0.36104428934056604,6.78019937049547,1814,0.003125
all_outfield,empirical_reference,0.5,1920,96,0.17609981622968468,0.1279992796310111,0.3746737405556354,0.2378793744637663,0.26875421587810483,6.769729617553846,1796,0.003125
all_outfield,hold,1.0,1920,96,2.438546139057636,2.1576952944972754,4.525044722745625,2.85487068263754,2.450145740000251,,0,0.0026041666666666665
all_outfield,constant_velocity,1.0,1920,96,0.6611027031872589,0.4791781867030093,1.4584513436342221,0.8904127655022468,0.5843790944560764,13.79730671998391,1799,0.0036458333333333334
all_outfield,damped_constant_velocity,1.0,1920,96,0.6617731119056292,0.4943910573021644,1.4340980732781645,0.8627199479927727,0.6613449144886449,13.648863389013515,1777,0.0036458333333333334
all_outfield,empirical_reference,1.0,1920,96,0.6080506652946023,0.45236696195431425,1.3296411966067565,0.8040872915211008,0.5990908237561681,13.321478673416886,1737,0.003125
all_outfield,hold,1.5,1920,96,3.5619306493004244,3.077964985836185,6.627508769406811,4.190686154164773,2.4494062229912044,,0,0.0026041666666666665
all_outfield,constant_velocity,1.5,1920,96,1.373165123986727,1.03271634985936,2.9490384516290553,1.8087423574927264,0.8198174381888776,22.19962256952171,1784,0.007291666666666667
all_outfield,damped_constant_velocity,1.5,1920,96,1.3414560763298566,1.0383389394638962,2.782973645902435,1.7118484969102064,0.9109408027346103,21.790662555879855,1745,0.00625
all_outfield,empirical_reference,1.5,1920,96,1.2538443758880378,0.966387766335795,2.6669916546905488,1.6169546099441805,0.8663837464786042,20.91625858416806,1685,0.0046875
all_outfield,hold,2.0,1920,96,4.62765253522845,3.940367994945902,8.699343333843538,5.471921328092477,2.4962836681092946,,0,0.0026041666666666665
all_outfield,constant_velocity,2.0,1920,96,2.2848581738401914,1.7799867089066517,4.846415622806056,2.9462448881058587,0.9715717288339358,32.02019807107518,1788,0.016666666666666666
all_outfield,damped_constant_velocity,2.0,1920,96,2.1866573341030318,1.7523970313392325,4.452642669352052,2.73316787016867,1.0924570217690481,30.784712550537208,1724,0.009895833333333333
all_outfield,empirical_reference,2.0,1920,96,2.0706716773598663,1.6264630881859352,4.347589153292711,2.6094376277085765,1.0795990958205313,29.326502234924376,1644,0.0078125
all_players,hold,0.5,2112,96,1.1818304969199973,1.0075340989743151,2.2564014486224555,1.3976323789079765,2.3646475842401227,,0,0.0023674242424242425
all_players,constant_velocity,0.5,2112,96,0.18483528788432424,0.13011358059200478,0.40740861299321784,0.2536386608843064,0.2975647753215384,6.981746175276151,1977,0.002840909090909091
all_players,damped_constant_velocity,0.5,2112,96,0.1875148969678984,0.13705740146684386,0.39455656412060175,0.2508340657826325,0.34591550998120935,6.9319199081839615,1970,0.002840909090909091
all_players,empirical_reference,0.5,2112,96,0.21003401225555493,0.1418454598583552,0.4941068585734688,0.2956189664376631,0.3442987408001199,6.769729617553846,1796,0.002840909090909091
all_players,hold,1.0,2112,96,2.3124990757076236,1.9630078934175375,4.367372363468382,2.746559650685331,2.3242164869519497,,0,0.0023674242424242425
all_players,constant_velocity,1.0,2112,96,0.6369183224654664,0.46095499346429314,1.4045485690047257,0.8630901419088863,0.5634345158485302,13.962681949952664,1948,0.0033143939393939395
all_players,damped_constant_velocity,1.0,2112,96,0.635773910701567,0.4703481589333085,1.3851823767734652,0.835600619441467,0.6328880772350025,13.756294055739346,1920,0.0033143939393939395
all_players,empirical_reference,1.0,2112,96,0.6484122813775927,0.4802067011504112,1.3833084329803198,0.8497158156232997,0.6414392903664201,13.321478673416886,1737,0.002840909090909091
all_players,hold,1.5,2112,96,3.3763321381207,2.8235212898149253,6.446180808177797,4.03134818561425,2.3263889631848875,,0,0.0023674242424242425
all_players,constant_velocity,1.5,2112,96,1.3195309952341345,0.989040903040963,2.8530939219852396,1.7530406274781336,0.7853176930009088,22.472707599888,1929,0.006628787878787879
all_players,damped_constant_velocity,1.5,2112,96,1.285852388061259,0.9946327812563192,2.7183408738375276,1.6579029104113865,0.8686228770469042,21.895026743870954,1880,0.005681818181818182
all_players,empirical_reference,1.5,2112,96,1.2780718895639847,1.01394465583622,2.661857479444943,1.6319638980332412,0.887277620900705,20.91625858416806,1685,0.004261363636363636
all_players,hold,2.0,2112,96,4.386237894427717,3.629641643870131,8.44949534916948,5.264330999396991,2.371337010284928,,0,0.0023674242424242425
all_players,constant_velocity,2.0,2112,96,2.193722130644767,1.654488991430894,4.704768533628987,2.855845623303628,0.9292539256274401,32.34025653358228,1936,0.015151515151515152
all_players,damped_constant_velocity,2.0,2112,96,2.0938900549222232,1.6486949104725728,4.32252374935246,2.647438621937524,1.0398637913118658,31.15522145218542,1861,0.008996212121212122
all_players,empirical_reference,2.0,2112,96,2.061709841819913,1.673170558481173,4.314779460560274,2.5852273806100277,1.083441944567871,29.326502234924376,1644,0.007102272727272727
ball_carriers,hold,0.5,96,96,1.4937933022018697,1.3760136043184608,2.6217818526865537,1.7299055399308179,3.0175768796739426,,0,0.03125
ball_carriers,constant_velocity,0.5,96,96,0.4127697013051457,0.3730375296243514,0.7224690649597068,0.5005971818677644,0.7313448167289783,14.73961780323869,90,0.03125
ball_carriers,damped_constant_velocity,0.5,96,96,0.4115444593709534,0.3576889874440696,0.7239075724568074,0.4939546791635134,0.790785547095855,14.73961780323869,90,0.03125
ball_carriers,empirical_reference,0.5,96,96,0.3928940624088167,0.3238771591421229,0.7407616140812463,0.4791808684800328,0.6844783147894115,14.00470761459528,84,0.03125
ball_carriers,hold,1.0,96,96,2.9337706257867993,2.554209640005771,5.221704554054676,3.417678915092327,3.0270062558985056,,0,0.03125
ball_carriers,constant_velocity,1.0,96,96,1.189898870119207,1.1611203291518861,2.2643104112453756,1.4153063218907311,1.007455623859096,25.36310751408605,87,0.03125
ball_carriers,damped_constant_velocity,1.0,96,96,1.1827641129907487,1.1045775962040634,2.247627415985253,1.3733306924267048,1.109066727039419,25.36310751408605,87,0.03125
ball_carriers,empirical_reference,1.0,96,96,1.1297694900629802,1.053582007843672,2.1717783300643765,1.3305878089748238,1.0435665049784342,24.3234044300264,78,0.03125
ball_carriers,hold,1.5,96,96,4.3185437152820905,3.8327081999354684,7.620633627709763,5.034331975297219,3.045711740485521,,0,0.03125
ball_carriers,constant_velocity,1.5,96,96,2.138597237584591,2.0618681661959903,4.08132563064631,2.531747135596343,1.2230751528560315,33.27608947046108,88,0.041666666666666664
ball_carriers,damped_constant_velocity,1.5,96,96,2.064381185868234,1.9168944793189628,3.9287153902260643,2.4250324904557914,1.2673750053422965,31.819441608768415,86,0.041666666666666664
ball_carriers,empirical_reference,1.5,96,96,2.013598453293762,2.014260626429524,3.7063572685494552,2.376678771147893,1.2664393865804124,32.6432251127492,77,0.03125
ball_carriers,hold,2.0,96,96,5.639597245706054,4.909890378639986,9.85687102974741,6.567146529632689,2.96065994005129,,0,0.03125
ball_carriers,constant_velocity,2.0,96,96,3.2401890683292778,2.8891996120552337,5.969045843234301,3.8040061541956103,1.2598630182616424,43.44144470400403,87,0.052083333333333336
ball_carriers,damped_constant_velocity,2.0,96,96,3.027418677589027,2.785847415311147,5.827041967978026,3.5734681385303264,1.329726405413784,42.87219520615728,85,0.041666666666666664
ball_carriers,empirical_reference,2.0,96,96,3.0046990736279517,2.925281746051373,5.641949368866356,3.535697565684962,1.372546685597498,40.0172288399896,76,0.03125
defending_outfield,hold,0.5,960,96,1.3078871046182148,1.1776819353032595,2.411297364393771,1.5176580265055322,2.617244153219813,,0,0.0020833333333333333
defending_outfield,constant_velocity,0.5,960,96,0.20481636178075066,0.1468570916096969,0.454488272776365,0.2741818340285268,0.3230719597497031,6.930221874618096,907,0.0020833333333333333
defending_outfield,damped_constant_velocity,0.5,960,96,0.20785545191637186,0.15823295832647805,0.43081328251478973,0.2700420120532008,0.3780038398190558,6.922837014739936,905,0.0020833333333333333
defending_outfield,empirical_reference,0.5,960,96,0.1896650125878557,0.14759884000728696,0.38742461219572594,0.24806489156797443,0.2873778238980532,6.912120680474358,892,0.0020833333333333333
defending_outfield,hold,1.0,960,96,2.558097597178862,2.3175201477161846,4.821130494130715,2.9790316169856275,2.579957711151319,,0,0.0020833333333333333
defending_outfield,constant_velocity,1.0,960,96,0.7320957511742032,0.5371615940004676,1.633403279202097,0.971234218585011,0.6383804284408254,14.63225261997404,904,0.003125
defending_outfield,damped_constant_velocity,1.0,960,96,0.7286700867794953,0.5784086267604498,1.5219645063877172,0.9362966967265851,0.7172678860121616,14.393267959429128,892,0.003125
defending_outfield,empirical_reference,1.0,960,96,0.6739956037478855,0.5159477244503234,1.4017556065409082,0.8738870623004316,0.6662260488174676,14.38267318056951,869,0.0020833333333333333
defending_outfield,hold,1.5,960,96,3.7272081912924544,3.273469693302741,7.035372762748083,4.368916302867146,2.5927397577753424,,0,0.0020833333333333333
defending_outfield,constant_velocity,1.5,960,96,1.54159263978595,1.1813600462650053,3.3094670519024016,2.005278584808441,0.8780651935297231,24.224385899816784,891,0.005208333333333333
defending_outfield,damped_constant_velocity,1.5,960,96,1.4981837425734175,1.1768961364063948,3.093099746226079,1.887907495161787,0.9795760119132246,23.649227050459245,871,0.005208333333333333
defending_outfield,empirical_reference,1.5,960,96,1.4092057207239093,1.1258329209649758,2.980807382680932,1.7865060598035751,0.9523391617373925,22.647751907080572,838,0.004166666666666667
defending_outfield,hold,2.0,960,96,4.825573443963432,4.209221008177284,9.291907752822938,5.701233583620303,2.6462868052476645,,0,0.0020833333333333333
defending_outfield,constant_velocity,2.0,960,96,2.5629619381637507,1.9742515117274153,5.398291703039995,3.274861414769738,1.022093510297639,34.47066298286332,900,0.0125
defending_outfield,damped_constant_velocity,2.0,960,96,2.441714245867871,1.9508763031880123,4.94305993203343,3.0203499694977087,1.164587343298217,32.970716797581986,868,0.00625
defending_outfield,empirical_reference,2.0,960,96,2.3245744438005613,1.8954791763037062,4.874555456624341,2.888394600807284,1.1666847524522006,31.09949910754696,826,0.004166666666666667
goalkeepers,hold,0.5,192,96,0.5493759725142574,0.5305889937722228,0.8302300785575061,0.6288325202640737,1.0997439900202712,,0,0.0
goalkeepers,constant_velocity,0.5,192,96,0.12601179962608913,0.10076423662370651,0.25590506776295674,0.15750040326229367,0.19583352542369278,9.532544952126855,157,0.0
goalkeepers,damped_constant_velocity,0.5,192,96,0.12269514100554761,0.1012437077663079,0.24824073158579268,0.15319233788221642,0.194627716387642,9.530089135971512,156,0.0
goalkeepers,empirical_reference,0.5,192,96,0.5493759725142574,0.5305889937722228,0.8302300785575061,0.6288325202640737,1.0997439900202712,,0,0.0
goalkeepers,hold,1.0,192,96,1.052028442207497,1.0140439874009135,1.735975371547617,1.2151637406813398,1.064923956468941,,0,0.0
goalkeepers,constant_velocity,1.0,192,96,0.39507451524754106,0.28868299750670245,0.8510748126127532,0.5155788920909449,0.35398872977306844,14.71866399296615,149,0.0
goalkeepers,damped_constant_velocity,1.0,192,96,0.3757818986609444,0.25366346207075774,0.8108150667885985,0.4874989853056859,0.348319704698578,14.488296771198401,143,0.0
goalkeepers,empirical_reference,1.0,192,96,1.052028442207497,1.0140439874009135,1.735975371547617,1.2151637406813398,1.064923956468941,,0,0.0
goalkeepers,hold,1.5,192,96,1.520347026323453,1.4331607527801327,2.391774551078377,1.775090336609661,1.0962163651217132,,0,0.0
goalkeepers,constant_velocity,1.5,192,96,0.7831897077082074,0.6003245489960208,1.7580818058153338,1.043636287024726,0.44032024112122015,26.899036254030634,145,0.0
goalkeepers,damped_constant_velocity,1.5,192,96,0.7298155053752783,0.578477283518577,1.6247874757026253,0.9647848983678595,0.44544362016984174,24.0661196548655,135,0.0
goalkeepers,empirical_reference,1.5,192,96,1.520347026323453,1.4331607527801327,2.391774551078377,1.775090336609661,1.0962163651217132,,0,0.0
goalkeepers,hold,2.0,192,96,1.972091486420384,1.8660755504934237,3.190319705068145,2.329325948638361,1.1218704320412691,,0,0.0
goalkeepers,constant_velocity,2.0,192,96,1.2823616986905302,1.0007357574105165,2.497188391088015,1.7061087476091081,0.5060758935624835,40.616728489141465,148,0.0
goalkeepers,damped_constant_velocity,2.0,192,96,1.1662172631141372,0.9131669139665723,2.468425952836964,1.547959224581702,0.5139314867400414,37.131003399406936,137,0.0
goalkeepers,empirical_reference,2.0,192,96,1.972091486420384,1.8660755504934237,3.190319705068145,2.329325948638361,1.1218704320412691,,0,0.0
in_possession_outfield,hold,0.5,960,96,1.1822647941029283,1.0139998574621614,2.1863554918054566,1.3838554235661085,2.365031734104403,,0,0.003125
in_possession_outfield,constant_velocity,0.5,960,96,0.1766189116395448,0.12158078426699273,0.38149614517411523,0.2477795413923466,0.2924038408729428,6.65342702712991,913,0.004166666666666667
in_possession_outfield,damped_constant_velocity,0.5,960,96,0.180138293211895,0.12666223120682762,0.3822989075646966,0.24658210818020918,0.34408473886207636,6.618684909580405,909,0.004166666666666667
in_possession_outfield,empirical_reference,0.5,960,96,0.1625346198715137,0.11460115745524888,0.34647575162714656,0.2272377679038293,0.25013060785815644,6.661536888191343,904,0.004166666666666667
in_possession_outfield,hold,1.0,960,96,2.3189946809364113,2.011179195093346,4.2519861213111,2.725058504723645,2.3203337688491823,,0,0.003125
in_possession_outfield,constant_velocity,1.0,960,96,0.5901096552003147,0.4214289875802695,1.3026689456412543,0.80148230085778,0.5303777604713272,12.709923295914685,895,0.004166666666666667
in_possession_outfield,damped_constant_velocity,1.0,960,96,0.594876137031763,0.44475853662605025,1.260099405297364,0.7822531003634247,0.6054219429651281,12.672749330304196,885,0.004166666666666667
in_possession_outfield,empirical_reference,1.0,960,96,0.5421057268413191,0.3846921037156815,1.2316438924672453,0.7276222557862018,0.5319555986948684,12.319172816448214,868,0.004166666666666667
in_possession_outfield,hold,1.5,960,96,3.3966531073083948,2.8502386287106516,6.276920612752935,4.004531336368631,2.306072688207066,,0,0.003125
in_possession_outfield,constant_velocity,1.5,960,96,1.204737608187504,0.9096379889203161,2.582838595536276,1.5880666323820767,0.761569682848032,20.774463456933187,893,0.009375
in_possession_outfield,damped_constant_velocity,1.5,960,96,1.1847284100862963,0.9425976491596243,2.474855077785652,1.5154721516607992,0.8423055935559961,20.344020871406855,874,0.007291666666666667
in_possession_outfield,empirical_reference,1.5,960,96,1.0984830310521663,0.8345928832828531,2.4153399820557513,1.427403418632791,0.7804283312198156,19.262740298581534,847,0.005208333333333333
in_possession_outfield,hold,2.0,960,96,4.42973162649347,3.7429324398391133,8.324784335628511,5.23256931790365,2.3462805309709243,,0,0.003125
in_possession_outfield,constant_velocity,2.0,960,96,2.0067544095166316,1.5956859097869018,4.239152371461678,2.576043593465017,0.9210499473702326,29.53345766976408,888,0.020833333333333332
in_possession_outfield,damped_constant_velocity,2.0,960,96,1.9316004223381928,1.5530729945936148,3.9774315828786206,2.412032187761986,1.0203267002398795,28.876294009197146,856,0.013541666666666667
in_possession_outfield,empirical_reference,2.0,960,96,1.8167689109191716,1.436977644674367,3.817861222252104,2.296846990077932,0.9925134391888616,27.102322300312505,818,0.011458333333333333
