"report_kind","match_id","frame_id","player_id","review","note"
"endpoint","DFL-MAT-J03WMX","14663","DFL-OBJ-0000IA","valid",""
"endpoint","DFL-MAT-J03WMX","11863","DFL-OBJ-0002AU","valid",""
"endpoint","DFL-MAT-J03WMX","13513","DFL-OBJ-0002AU","valid",""
"endpoint","DFL-MAT-J03WMX","10963","DFL-OBJ-0000IA","valid",""
"endpoint","DFL-MAT-J03WMX","12263","DFL-OBJ-J01B8N","valid",""
"endpoint","DFL-MAT-J03WMX","13363","DFL-OBJ-J01APO","valid",""
"endpoint","DFL-MAT-J03WMX","11713","DFL-OBJ-0002AU","valid",""
"endpoint","DFL-MAT-J03WMX","14313","DFL-OBJ-0002AU","valid",""
"endpoint","DFL-MAT-J03WMX","20363","DFL-OBJ-002GKO","valid",""
"endpoint","DFL-MAT-J03WMX","19713","DFL-OBJ-J017RE","valid",""
"endpoint","DFL-MAT-J03WMX","14513","DFL-OBJ-0000IA","valid",""
"endpoint","DFL-MAT-J03WMX","14913","DFL-OBJ-002G4A","bad_direction","90도나 완전히 속도 반대방향으로 꺾는다거나 할 수 있는데, 내 말은 V컷처럼. 근데 너무 진행방향으로만 고려된거같아."
