rank,match_id,event_frame,passer_name,recipient_name,runner_name,runner_threat_point_x,runner_threat_point_y,affected_defender_id,affected_defender,affected_defender_distance_to_runner_m,defender_selection,defender_target_receiver_name,defender_responsibility_top,runner_actual_obso,runner_no_response_obso,runner_defensive_suppression_positive_obso,runner_actual_threat,runner_no_response_threat,runner_threat_suppression_positive,top_suppression_defender_name,top_suppression_defender_attribution_obso,top_runner_affected_defender_name,top_runner_affected_defender_raw_obso,top_runner_affected_defender_score,top_runner_affected_defender_raw_threat,top_runner_affected_defender_goal_side_score,top_runner_affected_defender_proximity_rank,top_runner_affected_defender_distance_to_target_option_m,top_runner_affected_defender_target_option_bias_m,top_runner_affected_defender_target_assignment_score,pass_lane_suppressor_name,pass_lane_suppressor_score,pass_lane_suppressor_distance_to_pass_lane_m,passer_pressure_defender_name,passer_pressure_defender_score,passer_pressure_defender_distance_to_passer_m,runner_affected_suppression_top,pass_lane_suppression_top,passer_pressure_top,defensive_suppression_top,actual_team_obso_topk,counterfactual_team_obso_topk,draft_obso_offball_value,draft_post_reception_space_offball_value_m2,draft_post_reception_dangerous_space_offball_value,adjusted_lambda,draft_adjusted_option_offball_value,top_option_name,top_option_obso,top_option_post_reception_space_m2,top_option_post_reception_dangerous_space,top_option_adjusted,top_beneficiary_name,top_beneficiary_adjusted_actual,top_beneficiary_adjusted_counterfactual,top_beneficiary_adjusted_gain,top_beneficiary_obso_gain,top_beneficiary_space_gain_m2,top_beneficiary_dangerous_space_gain,top_beneficiary_primary_benefit_type,top_beneficiary_nearest_defender_clearance_gain_m,top_beneficiary_close_defenders_5m_removed,top_beneficiary_receiver_pressure_reduction,top_beneficiary_pass_lane_pressure_reduction,top_beneficiary_goal_side_blocker_reduction,top_beneficiary_affected_removed_m,top_beneficiary_is_top_option,obso_candidates,post_reception_space_candidates,post_reception_dangerous_space_candidates,adjusted_candidates,image_file
1,DFL-MAT-J03WMX,43787,D. Selke,E. Martel,F. Kainz,-43.869075889424565,-3.899814708212617,DFL-OBJ-0027KL,Dayot Upamecano,6.704986346326974,responsibility,E. Martel,DFL-OBJ-0027KL:Dayot Upamecano:0.271573:0.986945:0.930483:0.998288;DFL-OBJ-0002F5:Joshua Kimmich:0.219569:0.995647:0.959335:0.000000;DFL-OBJ-J01APO:N. Mazraoui:0.156736:0.970850:0.350368:0.000000;DFL-OBJ-J017RE:M. de Ligt:0.155940:0.894302:0.440668:0.000000;DFL-OBJ-0002DR:Y. Sommer:0.114426:0.141013:0.414904:0.999007,0.0355511733589452,0.0395315347608656,0.0039803614019203,0.0892924284284348,0.0943785321336333,0.0050861037051984,Benjamin Pavard,0.0002277905283912,Dayot Upamecano,0.0,0.4519654582305663,0.0,0.7138424088867128,2,0.6484597134749387,6.520005952202761,,N. Mazraoui,0.8446129707649095,1.1447736502315309,N. Mazraoui,0.7756750291845145,1.1798728745080962,DFL-OBJ-0027KL:Dayot Upamecano:0.451965:0.000000:0.000000:6.70:0.713842:0.998904:0.217113;DFL-OBJ-0027G0:Benjamin Pavard:0.425717:0.010621:0.000465:7.73:0.000000:0.154636:0.050018;DFL-OBJ-0027G6:Serge Gnabry:0.313046:0.001968:0.000000:13.29:0.000000:0.079215:0.185427,DFL-OBJ-J01APO:N. Mazraoui:0.844613:0.005298:0.005298:15.77:0.186248:0.959874:0.844886;DFL-OBJ-J017RE:M. de Ligt:0.792638:0.002366:0.002366:12.63:0.309194:0.982597:0.607845;DFL-OBJ-0002F5:Joshua Kimmich:0.554909:0.000268:0.000000:7.19:0.808639:0.731461:0.237306;DFL-OBJ-0027KL:Dayot Upamecano:0.470975:0.000000:0.000000:7.17:0.846801:0.627967:0.217113;DFL-OBJ-0027G6:Serge Gnabry:0.305367:0.001968:0.000000:8.20:0.070598:0.345380:0.185427,DFL-OBJ-J01APO:N. Mazraoui:0.775675:0.005298:0.005298:15.77:0.186248:0.959874:0.844886;DFL-OBJ-J017RE:M. de Ligt:0.530827:0.002366:0.002366:12.63:0.309194:0.982597:0.607845;DFL-OBJ-0027G0:Benjamin Pavard:0.240014:0.010621:0.000465:4.96:0.149930:0.000000:0.050018;DFL-OBJ-0002F5:Joshua Kimmich:0.194896:0.000268:0.000000:7.19:0.808639:0.731461:0.237306;DFL-OBJ-0027G6:Serge Gnabry:0.185407:0.001968:0.000000:8.20:0.070598:0.345380:0.185427,DFL-OBJ-0027G0:Benjamin Pavard:0.000228:0.000465:0.036016:4.96:4.96:4.96;DFL-OBJ-J01APO:N. Mazraoui:0.002594:0.005298:0.040849:15.77:15.77:1.14;DFL-OBJ-J017RE:M. de Ligt:0.001158:0.002366:0.037917:12.63:12.55:0.75;DFL-OBJ-0027G6:Serge Gnabry:0.000000:0.000000:0.035551:8.20:5.60:5.83;DFL-OBJ-0002F5:Joshua Kimmich:0.000000:0.000000:0.035551:7.19:7.19:3.16,0.0675826634889343,0.0413185669452651,0.0262640965436691,0.0,5.726837056939237,0.5,0.0592972426012732,E. Martel,0.035069966404213025,36.699175959951994,9.56089957555089,0.09593654351837816,E. Martel,0.09593654351837816,0.0,0.09593654351837816,0.035069966404213025,36.699175959951994,9.56089957555089,space_created,0.0,0.0,-0.40570098294975754,0.0,-0.8837423727758109,-3.098382290132902,True,E. Martel:0.035070;B. Schmitz:0.019058;D. Ljubicic:0.013455;L. Maina:0.008806;Ellyes Skhiri:0.003668,E. Martel:36.699176;B. Schmitz:40.707857;D. Ljubicic:75.967997;L. Maina:68.002117;Ellyes Skhiri:71.880771,E. Martel:9.560900;B. Schmitz:4.082759;D. Ljubicic:3.875244;L. Maina:4.413247;Ellyes Skhiri:2.028080,E. Martel:0.095937;B. Schmitz:0.045050;D. Ljubicic:0.038125;L. Maina:0.036901;Ellyes Skhiri:0.016579,rank_01_DFL-MAT-J03WMX_frame_43787.png
2,DFL-MAT-J03WMX,37358,Kingsley Coman,Leroy Sané,Serge Gnabry,43.05593724679708,-7.959236478394805,DFL-OBJ-00012X,Jonas Hector,5.815942363269534,responsibility,Leroy Sané,DFL-OBJ-00012X:Jonas Hector:0.196693:0.578449:0.382403:0.775780;DFL-OBJ-J01D1W:Jeff Chabot:0.180811:0.658107:0.284994:0.545248;DFL-OBJ-002GKO:E. Martel:0.180018:0.890751:0.171967:0.208521;DFL-OBJ-0027B6:Timo Hübers:0.160100:0.720976:0.188396:0.283639;DFL-OBJ-002G4A:Ellyes Skhiri:0.113866:0.523384:0.137372:0.171937,0.0372136613522786,0.0,0.0,0.0713979531640506,0.0,0.0,E. Martel,0.0,Jonas Hector,0.0,0.4228995251856344,0.0,0.0,1,8.651531656302252,0.0,,E. Martel,0.9180690045239438,1.9240102963821168,E. Martel,0.807737202965243,1.92408419774188,DFL-OBJ-00012X:Jonas Hector:0.422900:0.000000:0.000000:5.82:0.000000:0.972946:0.286334;DFL-OBJ-J01D1W:Jeff Chabot:0.395739:0.000000:0.000000:8.61:0.000000:0.994886:0.433199;DFL-OBJ-0028BD:L. Maina:0.207866:0.000000:0.000000:17.15:0.000000:0.056180:0.253689,DFL-OBJ-002GKO:E. Martel:0.918069:0.002673:0.002673:10.32:0.435379:0.890759:0.759672;DFL-OBJ-00012X:Jonas Hector:0.654215:0.000000:0.000000:2.67:0.970390:0.872287:0.286334;DFL-OBJ-J01D1W:Jeff Chabot:0.628779:0.000000:0.000000:5.36:0.815096:0.838372:0.433199;DFL-OBJ-0027B6:Timo Hübers:0.568374:0.000000:0.000000:9.26:0.522172:0.757832:0.625095;DFL-OBJ-0028BD:L. Maina:0.061644:0.000000:0.000000:11.15:0.018855:0.082192:0.253689,DFL-OBJ-002GKO:E. Martel:0.807737:0.002673:0.002673:10.32:0.435379:0.890759:0.759672;DFL-OBJ-0027B6:Timo Hübers:0.500076:0.000000:0.000000:9.26:0.522172:0.757832:0.625095;DFL-OBJ-002G4A:Ellyes Skhiri:0.417534:0.000000:0.000000:12.06:0.339096:0.000000:0.521918;DFL-OBJ-J01D1W:Jeff Chabot:0.346559:0.000000:0.000000:5.36:0.815096:0.838372:0.433199;DFL-OBJ-00012X:Jonas Hector:0.229068:0.000000:0.000000:2.67:0.970390:0.872287:0.286334,DFL-OBJ-002GKO:E. Martel:0.000000:0.002673:0.039887:10.32:9.43:1.92,0.0594861546665285,0.0396634191915898,0.0198227354749387,0.0,3.51712147760773,0.5,0.0416542075041201,Leroy Sané,0.030646382140307425,67.84689424760694,5.786306597554203,0.06748315403014733,Leroy Sané,0.06748315403014733,0.0,0.06748315403014733,0.030646382140307425,67.84689424760694,5.786306597554203,space_created,0.8636440094496081,0.0,0.03341562620674943,0.31306943828329725,-0.05318224835872343,0.8636440094496081,True,Leroy Sané:0.030646;T. Müller:0.012277;Ryan Gravenberch:0.016562;Benjamin Pavard:0.009809;Joshua Kimmich:0.010824,Leroy Sané:67.846894;T. Müller:64.966384;Ryan Gravenberch:50.709295;Benjamin Pavard:76.798783;Joshua Kimmich:54.177701,Leroy Sané:5.786307;T. Müller:4.003216;Ryan Gravenberch:2.269185;Benjamin Pavard:2.516354;Joshua Kimmich:1.954922,Leroy Sané:0.067483;T. Müller:0.037763;Ryan Gravenberch:0.031009;Benjamin Pavard:0.025829;Joshua Kimmich:0.023269,rank_02_DFL-MAT-J03WMX_frame_37358.png
3,DFL-MAT-J03WMX,128824,K. Schindler,L. Maina,D. Ljubicic,38.7227135060028,-12.006419479734127,DFL-OBJ-0027KL,Dayot Upamecano,3.037744721544667,responsibility,Jan Thielmann,DFL-OBJ-0027KL:Dayot Upamecano:0.289284:0.914588:0.828774:0.997245;DFL-OBJ-J017RE:M. de Ligt:0.211300:0.990568:0.606910:0.000000;DFL-OBJ-J01B8N:Ryan Gravenberch:0.122188:0.557682:0.370412:0.000000;DFL-OBJ-J015S4:Joao Cancelo:0.121900:0.742884:0.129735:0.000000;DFL-OBJ-0027G0:Benjamin Pavard:0.094066:0.085217:0.372940:0.620644,0.0169741342605674,0.0352024151863763,0.0182282809258088,0.0328013105479924,0.0530502137248519,0.0202489031768594,M. de Ligt,0.0176659825577496,Dayot Upamecano,0.0,0.6776591242271758,0.0,0.937269911801328,2,1.690266251216064,5.136167664087005,,M. de Ligt,0.8984912773136371,2.157217863241789,Joao Cancelo,0.4211888680436965,4.490712638323679,DFL-OBJ-0027KL:Dayot Upamecano:0.677659:0.000000:0.000000:3.04:0.937270:0.749483:0.038028;DFL-OBJ-J017RE:M. de Ligt:0.663908:0.015267:0.011460:4.39:0.000000:0.825651:0.089016;DFL-OBJ-J01B8N:Ryan Gravenberch:0.442249:0.002565:0.000365:9.42:0.000000:0.344416:0.130903,DFL-OBJ-J017RE:M. de Ligt:0.898491:0.015267:0.011460:2.21:0.979349:0.864655:0.089016;DFL-OBJ-J01B8N:Ryan Gravenberch:0.695166:0.002565:0.000365:3.82:0.146191:0.870888:0.130903;DFL-OBJ-J015S4:Joao Cancelo:0.614662:0.000000:0.000000:13.79:0.017499:0.819549:0.526486;DFL-OBJ-0026PM:Kingsley Coman:0.036682:0.000000:0.000000:15.39:0.006742:0.048909:0.201152;DFL-OBJ-0002F5:Joshua Kimmich:0.003764:0.000230:0.000000:9.02:0.112056:0.000000:0.030039,DFL-OBJ-J015S4:Joao Cancelo:0.421189:0.000000:0.000000:13.79:0.017499:0.819549:0.526486;DFL-OBJ-J017RE:M. de Ligt:0.271213:0.015267:0.011460:2.21:0.979349:0.864655:0.089016;DFL-OBJ-0026PM:Kingsley Coman:0.160922:0.000000:0.000000:15.39:0.006742:0.048909:0.201152;DFL-OBJ-J01B8N:Ryan Gravenberch:0.138322:0.002565:0.000365:3.82:0.146191:0.870888:0.130903;DFL-OBJ-0027KL:Dayot Upamecano:0.030423:0.000000:0.000000:6.83:0.978835:0.000000:0.038028,DFL-OBJ-J017RE:M. de Ligt:0.017666:0.011460:0.028434:2.21:2.21:2.16;DFL-OBJ-J01B8N:Ryan Gravenberch:0.000562:0.000365:0.017339:3.82:2.11:2.10;DFL-OBJ-0002F5:Joshua Kimmich:0.000000:0.000000:0.016974:9.02:8.40:9.02,0.0483815330769089,0.0285665657757752,0.0198149673011337,0.0,1.6407048610381008,0.5,0.0302600188526983,Jan Thielmann,0.023962975835191788,35.35822978333821,3.7894205352599313,0.048087176220813946,Jan Thielmann,0.048087176220813946,0.0,0.048087176220813946,0.023962975835191788,35.35822978333821,3.7894205352599313,space_created,-0.6882227649452466,0.0,-0.09170605665253406,0.8380010344976094,-0.814992920280742,-0.6882227649452466,True,Jan Thielmann:0.023963;D. Huseinbašić:0.017330;L. Maina:0.007089;E. Martel:0.006659;Ellyes Skhiri:0.002438,Jan Thielmann:35.358230;D. Huseinbašić:42.344857;L. Maina:40.577633;E. Martel:74.602107;Ellyes Skhiri:67.714317,Jan Thielmann:3.789421;D. Huseinbašić:4.010287;L. Maina:2.733103;E. Martel:2.344882;Ellyes Skhiri:1.972017,Jan Thielmann:0.048087;D. Huseinbašić:0.042860;L. Maina:0.024488;E. Martel:0.021587;Ellyes Skhiri:0.014993,rank_03_DFL-MAT-J03WMX_frame_128824.png
4,DFL-MAT-J03WR9,113899,Terrence Boyd,J. Zimmer,Aaron Opoku,32.778617287183785,-7.161195334324275,DFL-OBJ-002GM9,C. Klarer,3.2429780683383234,responsibility,Marlon Ritter,DFL-OBJ-J0130T:Jorrit Hendrix:0.234152:0.986318:0.155981:0.128917;DFL-OBJ-00028V:M. Sobottka:0.198255:0.859364:0.124196:0.068355;DFL-OBJ-J01KJ5:M. Karbownik:0.156218:0.536049:0.310056:0.000000;DFL-OBJ-002GM9:C. Klarer:0.146529:0.204980:0.285774:0.678932;DFL-OBJ-002GMO:Tim Oberdorf:0.112913:0.393665:0.133655:0.144310,0.0111992543416341,0.0328805238162503,0.0216812694746162,0.0269387989905076,0.0479104414499533,0.0209716424594456,Jorrit Hendrix,0.0209268690912107,C. Klarer,0.0,0.5408904335703697,0.0,0.9978908931748122,1,11.272985407601665,0.0,,Jorrit Hendrix,0.25,0.6670832032063162,Jorrit Hendrix,0.9272818759457456,0.6670832032063162,DFL-OBJ-002GM9:C. Klarer:0.540890:0.000000:0.000000:3.24:0.997891:0.719893:0.215717;DFL-OBJ-J01KJ5:M. Karbownik:0.398307:0.004787:0.000494:8.38:0.000000:0.200775:0.297058;DFL-OBJ-J0130T:Jorrit Hendrix:0.299336:0.013326:0.013696:8.58:0.000000:0.989910:0.909102,DFL-OBJ-J0130T:Jorrit Hendrix:0.250000:0.013326:0.013696:5.53:0.791830:0.000000:0.909102;DFL-OBJ-J01KJ5:M. Karbownik:0.089814:0.004787:0.000494:3.68:0.172362:0.000000:0.297058;DFL-OBJ-00028V:M. Sobottka:0.000424:0.000023:0.000000:7.17:0.146134:0.000000:0.730073;DFL-OBJ-002FXT:Dawid Kownacki:0.000008:0.000000:0.000000:19.12:0.001867:0.000011:0.060084;DFL-OBJ-0028FW:F. Kastenmeier:0.000000:0.000000:0.000000:24.72:0.999512:0.000000:0.027747,DFL-OBJ-J0130T:Jorrit Hendrix:0.927282:0.013326:0.013696:5.53:0.791830:0.000000:0.909102;DFL-OBJ-00028V:M. Sobottka:0.584398:0.000023:0.000000:7.17:0.146134:0.000000:0.730073;DFL-OBJ-002GMO:Tim Oberdorf:0.366626:0.000000:0.000000:8.90:0.671458:0.000000:0.458283;DFL-OBJ-J01KJ5:M. Karbownik:0.309498:0.004787:0.000494:3.68:0.172362:0.000000:0.297058;DFL-OBJ-0000NZ:Matthias Zimmermann:0.178487:0.000000:0.000000:14.98:0.261940:0.000000:0.223108,DFL-OBJ-J0130T:Jorrit Hendrix:0.020927:0.013696:0.024895:5.53:5.49:0.67;DFL-OBJ-J01KJ5:M. Karbownik:0.000754:0.000494:0.011693:3.68:3.24:3.68;DFL-OBJ-00028V:M. Sobottka:0.000000:0.000000:0.011199:7.17:6.52:2.20,0.0287741714540964,0.0228043493801484,0.005969822073948,0.0,2.529457680347443,0.5,0.0237800680941919,Marlon Ritter,0.012528992732967753,71.03608736145401,4.832554747303809,0.04329399176479201,Marlon Ritter,0.04329399176479201,0.0,0.04329399176479201,0.012528992732967753,71.03608736145401,4.832554747303809,space_created,0.0,0.0,0.010244859486471747,0.27345687453861167,-0.10366330067841689,0.4658503108241625,True,Marlon Ritter:0.012529;J. Zimmer:0.006856;Kenny Prince Redondo:0.009390;M. Wunderlich:0.006559;E. Durm:0.004550,Marlon Ritter:71.036087;J. Zimmer:74.883857;Kenny Prince Redondo:36.182540;M. Wunderlich:55.755810;E. Durm:73.889879,Marlon Ritter:4.832555;J. Zimmer:3.341922;Kenny Prince Redondo:2.849148;M. Wunderlich:2.034928;E. Durm:2.303097,Marlon Ritter:0.043294;J. Zimmer:0.028131;Kenny Prince Redondo:0.027528;M. Wunderlich:0.019514;E. Durm:0.019212,rank_04_DFL-MAT-J03WR9_frame_113899.png
5,DFL-MAT-J03WR9,123406,Kristoffer Peterson,Dawid Kownacki,R. Hennings,-28.789410515742716,-4.60410388573471,DFL-OBJ-0026WW,R. Bormuth,1.5906689139725412,responsibility,Dawid Kownacki,DFL-OBJ-002GPN:B. Tomiak:0.258449:0.854600:0.338717:0.476796;DFL-OBJ-0026WW:R. Bormuth:0.193912:0.333363:0.423676:0.753668;DFL-OBJ-0000F9:K. Kraus:0.145346:0.531462:0.183666:0.165654;DFL-OBJ-0001ZY:J. Zimmer:0.138807:0.317559:0.510084:0.000000;DFL-OBJ-00021G:E. Durm:0.109454:0.449022:0.116068:0.053872,0.0202750087964186,0.0141052250452838,0.0,0.0330375835977148,0.0275018067866425,0.0,B. Tomiak,0.0,R. Bormuth,0.0,0.7780281172906246,0.0,0.9992062995410576,1,7.729068507912191,0.0,,K. Kraus,0.4015932558614803,4.470824287193397,E. Durm,0.3640396458076416,5.511442642357805,DFL-OBJ-0026WW:R. Bormuth:0.778028:0.000000:0.000000:1.59:0.999206:0.923976:0.088175;DFL-OBJ-002GPN:B. Tomiak:0.646587:0.008006:0.006590:4.29:0.000000:0.949939:0.189964;DFL-OBJ-0000F9:K. Kraus:0.268351:0.000000:0.000000:8.62:0.000000:0.835721:0.330312,DFL-OBJ-0000F9:K. Kraus:0.401593:0.000000:0.000000:6.56:0.726737:0.535458:0.330312;DFL-OBJ-00021G:E. Durm:0.337753:0.000000:0.000000:10.26:0.108795:0.450338:0.455050;DFL-OBJ-002GPN:B. Tomiak:0.250000:0.008006:0.006590:2.21:0.994336:0.000000:0.189964;DFL-OBJ-0000YE:Terrence Boyd:0.000083:0.000000:0.000000:17.82:0.004015:0.000111:0.075371;DFL-OBJ-0026WW:R. Bormuth:0.000000:0.000000:0.000000:7.59:0.988051:0.000000:0.088175,DFL-OBJ-00021G:E. Durm:0.364040:0.000000:0.000000:10.26:0.108795:0.450338:0.455050;DFL-OBJ-002GPN:B. Tomiak:0.351971:0.008006:0.006590:2.21:0.994336:0.000000:0.189964;DFL-OBJ-0000F9:K. Kraus:0.264249:0.000000:0.000000:6.56:0.726737:0.535458:0.330312;DFL-OBJ-0025YM:M. Wunderlich:0.127205:0.000000:0.000000:18.79:0.002897:0.000000:0.159006;DFL-OBJ-00265G:Kenny Prince Redondo:0.116252:0.000000:0.000000:23.33:0.002490:0.000000:0.145315,DFL-OBJ-002GPN:B. Tomiak:0.000000:0.006590:0.026865:2.21:2.21:2.21,0.0509161342876734,0.0440041707146285,0.0069119635730448,0.0,0.9603071735868508,0.5,0.0129550165291883,Dawid Kownacki,0.02069086739459691,51.77393384467431,3.232904618515909,0.04127217741785391,Dawid Kownacki,0.04127217741785391,0.0,0.04127217741785391,0.02069086739459691,51.77393384467431,3.232904618515909,space_created,2.10157697220978,1.0,0.24006741015652733,0.5997270561395354,0.1350588308937981,3.772023524594461,True,Dawid Kownacki:0.020691;E. Iyoha:0.016893;M. Sobottka:0.013262;Matthias Zimmermann:0.013333;Tim Oberdorf:0.012451,Dawid Kownacki:51.773934;E. Iyoha:69.243991;M. Sobottka:35.012960;Matthias Zimmermann:74.208762;Tim Oberdorf:77.847166,Dawid Kownacki:3.232905;E. Iyoha:2.809818;M. Sobottka:2.396355;Matthias Zimmermann:1.888560;Tim Oberdorf:1.710541,Dawid Kownacki:0.041272;E. Iyoha:0.034780;M. Sobottka:0.028518;Matthias Zimmermann:0.025356;Tim Oberdorf:0.023340,rank_05_DFL-MAT-J03WR9_frame_123406.png
6,DFL-MAT-J03WN1,34695,K. Stöger,C. Antwi-Adjei,T. Asano,-36.296882902195726,0.3375786979241999,DFL-OBJ-002GAR,Edmond Tapsoba,8.922728831957897,responsibility,P. Hofmann,DFL-OBJ-002GAR:Edmond Tapsoba:0.367422:0.967790:0.892499:0.995965;DFL-OBJ-0001UP:Jonathan Tah:0.199276:0.974101:0.215175:0.000000;DFL-OBJ-002G8H:Exequiel Palacios:0.148393:0.492422:0.459740:0.000000;DFL-OBJ-002GOI:Jeremie Frimpong:0.116896:0.600396:0.088957:0.000000;DFL-OBJ-0026NY:L. Hrádecký:0.104644:0.001386:0.199392:0.996611,0.0248862440196956,0.0192122466319928,0.0,0.0618461891243163,0.057894383068389,0.0,M. Bakker,0.0,Edmond Tapsoba,0.0,0.3076013436419283,0.0,0.537876514141484,1,1.0235721762533403,11.374008232842622,,Exequiel Palacios,0.7868071522825285,0.9271019949453084,Jeremie Frimpong,0.3933317516420946,4.969708240933267,DFL-OBJ-002GAR:Edmond Tapsoba:0.307601:0.000000:0.000000:8.92:0.537877:0.967884:0.026914,DFL-OBJ-002G8H:Exequiel Palacios:0.786807:0.002088:0.002088:16.39:0.126742:0.973498:0.059509;DFL-OBJ-0001UP:Jonathan Tah:0.695109:0.004549:0.004549:26.15:0.007577:0.762193:0.222001;DFL-OBJ-002GOI:Jeremie Frimpong:0.522852:0.000000:0.000000:32.65:0.000255:0.697135:0.491665;DFL-OBJ-002GAR:Edmond Tapsoba:0.334624:0.000000:0.000000:12.40:0.444901:0.446166:0.026914;DFL-OBJ-J01B8R:M. Bakker:0.250000:0.009211:0.002947:6.70:0.149832:0.000000:0.002211,DFL-OBJ-002GOI:Jeremie Frimpong:0.393332:0.000000:0.000000:32.65:0.000255:0.697135:0.491665;DFL-OBJ-0001UP:Jonathan Tah:0.276373:0.004549:0.004549:26.15:0.007577:0.762193:0.222001;DFL-OBJ-J01B8R:M. Bakker:0.201769:0.009211:0.002947:6.70:0.149832:0.000000:0.002211;DFL-OBJ-0002LI:N. Amiri:0.151827:0.000000:0.000000:27.68:0.000490:0.219173:0.189784;DFL-OBJ-002G8H:Exequiel Palacios:0.092954:0.002088:0.002088:16.39:0.126742:0.973498:0.059509,DFL-OBJ-J01B8R:M. Bakker:0.000000:0.002947:0.027833:6.70:6.14:6.70;DFL-OBJ-0001UP:Jonathan Tah:0.000000:0.004549:0.029435:26.15:26.15:2.95;DFL-OBJ-002G8H:Exequiel Palacios:0.000000:0.002088:0.026975:16.39:16.39:0.93,0.045825490402612,0.045825490402612,0.0,0.0,2.2311035839958944,0.5,0.0107247667648141,P. Hofmann,0.012370835858185623,38.434282374908925,4.22550834953514,0.039271257494369376,P. Hofmann,0.039271257494369376,0.0,0.039271257494369376,0.012370835858185623,38.434282374908925,4.22550834953514,space_created,-2.6870677955035567,0.0,-0.33878028487764233,0.0,-0.7861562278311358,-2.6870677955035567,True,P. Hofmann:0.012371;A. Losilla:0.012965;P. Förster:0.014905;C. Antwi-Adjei:0.017955;S. Janko:0.002510,P. Hofmann:38.434282;A. Losilla:67.334163;P. Förster:41.660823;C. Antwi-Adjei:41.536108;S. Janko:73.976940,P. Hofmann:4.225508;A. Losilla:3.041292;P. Förster:2.697511;C. Antwi-Adjei:1.663685;S. Janko:1.994405,P. Hofmann:0.039271;A. Losilla:0.032327;P. Förster:0.032078;C. Antwi-Adjei:0.028546;S. Janko:0.015207,rank_06_DFL-MAT-J03WN1_frame_34695.png
7,DFL-MAT-J03WR9,10470,Marlon Ritter,J. Zimmer,M. Wunderlich,-24.752362698121644,10.793758731300723,DFL-OBJ-002GM1,Kristoffer Peterson,3.286506760422979,responsibility,Terrence Boyd,DFL-OBJ-002GM1:Kristoffer Peterson:0.288936:0.790580:0.713953:0.933523;DFL-OBJ-002GMO:Tim Oberdorf:0.235463:0.565508:0.622165:0.867371;DFL-OBJ-J0130T:Jorrit Hendrix:0.194806:0.842180:0.443532:0.000000;DFL-OBJ-00028V:M. Sobottka:0.116657:0.591990:0.152894:0.000000;DFL-OBJ-0028FW:F. Kastenmeier:0.091277:0.000079:0.144811:0.997948,0.0142366886784006,0.0232711661184953,0.0090344774400947,0.0241275540813943,0.0340637135594801,0.0099361594780858,Jorrit Hendrix,0.0090344774400947,Kristoffer Peterson,0.0,0.611455786642117,0.0,0.9577292792863212,2,3.032441260766645,3.4375587392333538,,Jorrit Hendrix,0.992116409773586,0.5815039585367872,M. Sobottka,0.4456265888960765,4.095912596723715,DFL-OBJ-002GM1:Kristoffer Peterson:0.611456:0.000000:0.000000:3.29:0.957729:0.713527:0.133052;DFL-OBJ-J0130T:Jorrit Hendrix:0.532932:0.013651:0.010518:6.69:0.000000:0.461831:0.295154,DFL-OBJ-J0130T:Jorrit Hendrix:0.992116:0.013651:0.010518:1.30:0.222559:0.989489:0.295154;DFL-OBJ-00008K:R. Hennings:0.000000:0.000000:0.000000:29.30:0.000038:0.000000:0.016037;DFL-OBJ-00028V:M. Sobottka:0.000000:0.000000:0.000000:10.93:0.042349:0.000000:0.557033;DFL-OBJ-002GM1:Kristoffer Peterson:0.000000:0.000000:0.000000:6.47:0.982900:0.000000:0.133052;DFL-OBJ-002GMO:Tim Oberdorf:0.000000:0.000000:0.000000:8.49:0.771439:0.000000:0.074711,DFL-OBJ-00028V:M. Sobottka:0.445627:0.000000:0.000000:10.93:0.042349:0.000000:0.557033;DFL-OBJ-J0130T:Jorrit Hendrix:0.436123:0.013651:0.010518:1.30:0.222559:0.989489:0.295154;DFL-OBJ-J01KJ5:M. Karbownik:0.182014:0.000000:0.000000:18.35:0.010781:0.000000:0.227517;DFL-OBJ-0026RH:E. Iyoha:0.157861:0.000000:0.000000:20.46:0.002175:0.000000:0.197326;DFL-OBJ-002GM1:Kristoffer Peterson:0.106442:0.000000:0.000000:6.47:0.982900:0.000000:0.133052,DFL-OBJ-J0130T:Jorrit Hendrix:0.009034:0.010518:0.024755:1.30:1.15:0.58,0.0443459434075985,0.0394871500031266,0.0048587934044719,0.0,0.4803720205148156,0.5,0.0088434865091296,Terrence Boyd,0.0160821458447381,34.93158935114611,1.959842824974625,0.028558892775853932,Terrence Boyd,0.028558892775853932,0.0,0.028558892775853932,0.0160821458447381,34.93158935114611,1.959842824974625,space_created,0.7184274319402038,0.0,0.08425444787817837,0.20368645677135344,-0.739379013461845,0.7184274319402038,True,Terrence Boyd:0.016082;Kenny Prince Redondo:0.014616;J. Zimmer:0.013648;E. Durm:0.011223;H. Çiftçi:0.004693,Terrence Boyd:34.931589;Kenny Prince Redondo:58.070162;J. Zimmer:35.774603;E. Durm:58.058762;H. Çiftçi:62.621770,Terrence Boyd:1.959843;Kenny Prince Redondo:1.961189;J. Zimmer:1.051526;E. Durm:1.333929;H. Çiftçi:1.523305,Terrence Boyd:0.028559;Kenny Prince Redondo:0.027101;J. Zimmer:0.020342;E. Durm:0.019715;H. Çiftçi:0.014391,rank_07_DFL-MAT-J03WR9_frame_10470.png
8,DFL-MAT-J03WOH,51265,M. Sobottka,F. Klaus,D. Ginczek,-41.91390172320421,4.781586724283359,DFL-OBJ-0028SW,K. Faber,6.219451632549733,responsibility,Kristoffer Peterson,DFL-OBJ-0028SW:K. Faber:0.261853:0.463489:0.477561:0.861559;DFL-OBJ-0027VS:M. Thalhammer:0.174029:0.640744:0.216825:0.000000;DFL-OBJ-002GEE:J. Elvedi:0.123179:0.514884:0.067597:0.012219;DFL-OBJ-002GNH:D. Stojanovic:0.120917:0.000209:0.159232:0.986201;DFL-OBJ-00268T:S. Breitkreuz:0.114115:0.190234:0.224136:0.373883,0.0461094544409019,0.0,0.0,0.0827714482771495,0.0,0.0,K. Faber,0.0,K. Faber,0.0271840742966698,0.548755293191727,0.0360777638556006,0.0,1,6.651563725921899,0.0,,S. Breitkreuz,0.4835577293026227,3.747649930289644,J. Elvedi,0.3760426710554765,5.284363727072545,DFL-OBJ-0028SW:K. Faber:0.548755:0.036078:0.027184:6.22:0.000000:0.298561:0.040111;DFL-OBJ-00268T:S. Breitkreuz:0.542472:0.000000:0.000000:5.01:0.000000:0.976805:0.091452;DFL-OBJ-002GNH:D. Stojanovic:0.229598:0.000000:0.000000:8.41:0.993736:0.109385:0.014151,DFL-OBJ-00268T:S. Breitkreuz:0.483558:0.000000:0.000000:5.22:0.812979:0.644744:0.091452;DFL-OBJ-002GEE:J. Elvedi:0.464269:0.000000:0.000000:16.86:0.008580:0.619025:0.470053;DFL-OBJ-0028SW:K. Faber:0.250000:0.036078:0.027184:2.57:0.966465:0.000000:0.040111;DFL-OBJ-0027VS:M. Thalhammer:0.192054:0.000083:0.000000:10.34:0.019099:0.255303:0.141442;DFL-OBJ-002G2Y:Andreas Albers:0.004748:0.000000:0.000000:21.55:0.000190:0.006331:0.156515,DFL-OBJ-002GEE:J. Elvedi:0.376043:0.000000:0.000000:16.86:0.008580:0.619025:0.470053;DFL-OBJ-002651:Benedikt Gimber:0.301921:0.000000:0.000000:21.94:0.000264:0.000000:0.377401;DFL-OBJ-0026UQ:L. Guwara:0.292800:0.000000:0.000000:23.81:0.000672:0.000000:0.365999;DFL-OBJ-0028SW:K. Faber:0.232089:0.036078:0.027184:2.57:0.966465:0.000000:0.040111;DFL-OBJ-002G2Y:Andreas Albers:0.125212:0.000000:0.000000:21.55:0.000190:0.006331:0.156515,DFL-OBJ-0028SW:K. Faber:0.000000:0.027184:0.073294:2.57:2.57:2.57;DFL-OBJ-0027VS:M. Thalhammer:0.000000:0.000000:0.046109:10.34:7.82:6.61,0.0829498315082975,0.0635946747629048,0.0193551567453926,0.0,1.1273963028103149,0.5,0.0268632842567892,Kristoffer Peterson,0.03714172551044772,57.37226719512818,6.368719848365632,0.07768625531184198,Kristoffer Peterson,0.07768625531184198,0.050822971055052735,0.026863284256789244,0.019686056480157702,9.456100543337627,1.1273963028103138,obso_quality_gain,2.7666795577645007,1.0,0.19539938562035086,0.454612281201904,0.0474771521231534,2.7666795577645007,True,Kristoffer Peterson:0.037142;Jorrit Hendrix:0.027695;Dawid Kownacki:0.017787;F. Klaus:0.018114;N. Gavory:0.005204,Kristoffer Peterson:57.372267;Jorrit Hendrix:41.669263;Dawid Kownacki:52.185842;F. Klaus:41.611241;N. Gavory:77.634684,Kristoffer Peterson:6.368720;Jorrit Hendrix:1.827912;Dawid Kownacki:2.523053;F. Klaus:2.077281;N. Gavory:3.578519,Kristoffer Peterson:0.077686;Jorrit Hendrix:0.039331;Dawid Kownacki:0.033849;F. Klaus:0.031338;N. Gavory:0.027986,rank_08_DFL-MAT-J03WOH_frame_51265.png
9,DFL-MAT-J03WQQ,52504,Jorrit Hendrix,Dawid Kownacki,R. Hennings,-34.40349405214068,8.627246552306,DFL-OBJ-J01PRP,B. Fazliji,7.4331142604652,responsibility,Dawid Kownacki,DFL-OBJ-002GNL:Eric Smith:0.219835:0.592994:0.528648:0.811327;DFL-OBJ-002GIY:Afeez Aremu:0.201693:0.999749:0.324488:0.000000;DFL-OBJ-J0157X:M. Saliakas:0.177217:0.998859:0.130267:0.000000;DFL-OBJ-J01PRP:B. Fazliji:0.138319:0.163277:0.429063:0.813834;DFL-OBJ-002GN4:A. Dźwigała:0.089872:0.350729:0.178698:0.153491,0.004763791051879,0.0,0.0,0.0270640408046154,0.0,0.0,M. Saliakas,0.0,B. Fazliji,0.0,0.5052947146130391,0.0,0.0,2,7.615366045043404,0.0,,M. Saliakas,0.9989727129670494,0.209430080927863,M. Saliakas,0.9350152880601184,0.5930430001273093,DFL-OBJ-J01PRP:B. Fazliji:0.505295:0.000000:0.000000:7.43:0.000000:0.944428:0.024768;DFL-OBJ-0002EL:L. Paqarada:0.349654:0.000538:0.000000:15.27:0.000000:0.004660:0.016997,DFL-OBJ-J0157X:M. Saliakas:0.998973:0.000975:0.000975:29.17:0.001299:0.998630:0.918769;DFL-OBJ-002GIY:Afeez Aremu:0.757091:0.000031:0.000031:20.95:0.032414:0.998770:0.285474;DFL-OBJ-J01PRP:B. Fazliji:0.596999:0.000000:0.000000:4.81:0.887626:0.795998:0.024768;DFL-OBJ-002GNL:Eric Smith:0.500376:0.000000:0.000000:15.15:0.188354:0.667168:0.110298;DFL-OBJ-002GN4:A. Dźwigała:0.277693:0.000000:0.000000:25.64:0.008028:0.370258:0.349920,DFL-OBJ-J0157X:M. Saliakas:0.935015:0.000975:0.000975:29.17:0.001299:0.998630:0.918769;DFL-OBJ-002GN4:A. Dźwigała:0.279936:0.000000:0.000000:25.64:0.008028:0.370258:0.349920;DFL-OBJ-002GIY:Afeez Aremu:0.234790:0.000031:0.000031:20.95:0.032414:0.998770:0.285474;DFL-OBJ-J014L2:Jackson Irvine:0.147467:0.000000:0.000000:26.47:0.000338:0.031545:0.184334;DFL-OBJ-0002EL:L. Paqarada:0.123997:0.000538:0.000000:9.37:0.045231:0.080038:0.016997,DFL-OBJ-J0157X:M. Saliakas:0.000000:0.000975:0.005739:29.17:26.70:0.21;DFL-OBJ-0002EL:L. Paqarada:0.000000:0.000000:0.004764:9.37:4.04:8.99;DFL-OBJ-002GIY:Afeez Aremu:0.000000:0.000031:0.004795:20.95:18.67:0.20,0.0194178046897214,0.0143477636559899,0.0050700410337315,0.0,0.6821211057259777,0.5,0.0091156131345299,Dawid Kownacki,0.005864565531286582,52.17299135664596,3.0181147372392063,0.025078480701291244,Tim Oberdorf,0.02332951013023123,0.0,0.02332951013023123,0.0079812265400327,40.67584188710433,2.4109027486090238,space_created,0.0,0.0,0.0011810989935139293,0.0,-0.08254626764072404,0.20781082654728067,False,Dawid Kownacki:0.005865;Tim Oberdorf:0.007981;E. Iyoha:0.005572;Kristoffer Peterson:0.001994;Shinta Appelkamp:0.002999,Dawid Kownacki:52.172991;Tim Oberdorf:40.675842;E. Iyoha:70.635353;Kristoffer Peterson:72.387225;Shinta Appelkamp:77.122303,Dawid Kownacki:3.018115;Tim Oberdorf:2.410903;E. Iyoha:2.100545;Kristoffer Peterson:2.305093;Shinta Appelkamp:1.801174,Dawid Kownacki:0.025078;Tim Oberdorf:0.023330;E. Iyoha:0.018944;Kristoffer Peterson:0.016669;Shinta Appelkamp:0.014466,rank_09_DFL-MAT-J03WQQ_frame_52504.png
10,DFL-MAT-J03WQQ,117139,L. Paqarada,Eric Smith,Lukas Daschner,-52.5,4.923021938922085,DFL-OBJ-002GM1,Kristoffer Peterson,2.4561019098051227,responsibility,B. Fazliji,DFL-OBJ-J0130T:Jorrit Hendrix:0.173346:0.758031:0.718332:0.996256;DFL-OBJ-0026RH:E. Iyoha:0.149518:0.943213:0.738568:0.000000;DFL-OBJ-0000NZ:Matthias Zimmermann:0.119403:0.379669:0.538727:0.929908;DFL-OBJ-0028FW:F. Kastenmeier:0.100773:0.230544:0.467028:0.965446;DFL-OBJ-J01KJ5:M. Karbownik:0.096731:0.795277:0.239880:0.000000,0.0577933864724524,0.0505259584970988,0.0,0.1509255489326975,0.1651015279067612,0.0141759789740636,Kristoffer Peterson,0.0,Kristoffer Peterson,0.0,0.8955508221168311,0.0042063155681242,0.9541880293022428,1,7.657969704823857,0.0,,Matthias Zimmermann,0.7637906580398466,1.0807181153694891,M. Karbownik,0.2979612728778824,6.913537444752871,DFL-OBJ-002GM1:Kristoffer Peterson:0.895551:0.004206:0.000000:2.46:0.954188:0.966827:0.022842;DFL-OBJ-0000NZ:Matthias Zimmermann:0.664241:0.000684:0.001000:4.20:0.897527:0.999687:0.030374;DFL-OBJ-J0130T:Jorrit Hendrix:0.268755:0.000415:0.000000:7.88:0.000000:0.836817:0.047777,DFL-OBJ-0000NZ:Matthias Zimmermann:0.763791:0.000684:0.001000:1.40:0.991868:0.964160:0.030374;DFL-OBJ-0026RH:E. Iyoha:0.613667:0.000000:0.000000:9.26:0.519745:0.818223:0.093105;DFL-OBJ-J01KJ5:M. Karbownik:0.550063:0.000000:0.000000:19.43:0.052552:0.733418:0.372452;DFL-OBJ-J0130T:Jorrit Hendrix:0.546569:0.000415:0.000000:5.50:0.841085:0.695905:0.047777;DFL-OBJ-002GM1:Kristoffer Peterson:0.250000:0.004206:0.000000:1.15:0.990849:0.000000:0.022842,DFL-OBJ-J01KJ5:M. Karbownik:0.297961:0.000000:0.000000:19.43:0.052552:0.733418:0.372452;DFL-OBJ-002GM1:Kristoffer Peterson:0.218273:0.004206:0.000000:1.15:0.990849:0.000000:0.022842;DFL-OBJ-002G5J:Shinta Appelkamp:0.112718:0.000000:0.000000:17.14:0.000119:0.092171:0.140898;DFL-OBJ-0026RH:E. Iyoha:0.074484:0.000000:0.000000:9.26:0.519745:0.818223:0.093105;DFL-OBJ-J0130T:Jorrit Hendrix:0.057934:0.000415:0.000000:5.50:0.841085:0.695905:0.047777,DFL-OBJ-002GM1:Kristoffer Peterson:0.000000:0.000000:0.057429:1.15:1.15:1.15;DFL-OBJ-0000NZ:Matthias Zimmermann:0.000000:0.001000:0.058794:1.40:1.37:1.08;DFL-OBJ-J0130T:Jorrit Hendrix:0.000000:0.000000:0.057793:5.50:4.97:3.41,0.2417030258282744,0.2215904917748579,0.0201125340534165,0.0,0.3351778559692526,0.5,0.0222463425571145,B. Fazliji,0.10632123726949468,34.08034252371582,11.958725803170239,0.18245285025570027,E. Amenyido,0.12415093563758231,0.10175726886644057,0.02239366677114174,0.02326801133993814,0.929672298355932,-0.1373417237018444,obso_quality_gain,-0.821103618785775,0.0,-0.07263213730191898,0.25985550350586184,-0.11897142965590879,-0.821103618785775,False,B. Fazliji:0.106321;E. Amenyido:0.071192;M. Hartel:0.064190;M. Saliakas:0.029951;Afeez Aremu:0.029269,B. Fazliji:34.080343;E. Amenyido:39.264613;M. Hartel:42.008447;M. Saliakas:45.106594;Afeez Aremu:77.702537,B. Fazliji:11.958726;E. Amenyido:8.318835;M. Hartel:8.036386;M. Saliakas:3.188084;Afeez Aremu:2.909563,B. Fazliji:0.182453;E. Amenyido:0.124151;M. Hartel:0.115351;M. Saliakas:0.050247;Afeez Aremu:0.047792,rank_10_DFL-MAT-J03WQQ_frame_117139.png
11,DFL-MAT-J03WPY,28606,M. Karbownik,E. Iyoha,A. Tanaka,-33.94440219232392,-7.7364181857768894,DFL-OBJ-0028T3,L. Tempelmann,6.500229138808642,responsibility,Matthias Zimmermann,DFL-OBJ-002FYC:F. Nürnberger:0.232588:0.383947:0.312096:0.915983;DFL-OBJ-0028T3:L. Tempelmann:0.226986:0.862978:0.091861:0.167552;DFL-OBJ-002G68:James Lawrence:0.154526:0.278029:0.161499:0.637172;DFL-OBJ-002GG4:J. Castrop:0.151558:0.659464:0.018219:0.000000;DFL-OBJ-002595:M. Møller Dæhli:0.104669:0.401307:0.082180:0.000000,0.0383414684287617,0.0376795581974689,0.0,0.0682381823851414,0.0645067046264751,0.0,J. Castrop,0.0,L. Tempelmann,0.0,0.4256747468401301,0.0,0.8983412897801187,1,21.48729857380867,0.0,,J. Castrop,0.25,3.650000000000002,J. Castrop,0.6749374714132049,3.650000000000002,DFL-OBJ-0028T3:L. Tempelmann:0.425675:0.000000:0.000000:6.50:0.898341:0.325516:0.158079;DFL-OBJ-002595:M. Møller Dæhli:0.203103:0.000000:0.000000:9.76:0.775111:0.082786:0.147175,DFL-OBJ-002GG4:J. Castrop:0.250000:0.004853:0.004853:16.59:0.134721:0.000000:0.593672;DFL-OBJ-0028T3:L. Tempelmann:0.026934:0.000000:0.000000:11.60:0.924702:0.035912:0.158079;DFL-OBJ-002595:M. Møller Dæhli:0.006345:0.000000:0.000000:14.64:0.805363:0.008461:0.147175;DFL-OBJ-00008F:Christopher Schindler:0.000613:0.000000:0.000000:16.68:0.882203:0.000817:0.098623;DFL-OBJ-002G68:James Lawrence:0.000042:0.000000:0.000000:18.07:0.999934:0.000056:0.057061,DFL-OBJ-002GG4:J. Castrop:0.674937:0.004853:0.004853:16.59:0.134721:0.000000:0.593672;DFL-OBJ-0001LJ:Jan Gyamerah:0.177646:0.000000:0.000000:18.86:0.236159:0.000000:0.222058;DFL-OBJ-0028T3:L. Tempelmann:0.126463:0.000000:0.000000:11.60:0.924702:0.035912:0.158079;DFL-OBJ-0000EJ:J. Geis:0.121479:0.000000:0.000000:20.88:0.229530:0.000000:0.151848;DFL-OBJ-002595:M. Møller Dæhli:0.117740:0.000000:0.000000:14.64:0.805363:0.008461:0.147175,DFL-OBJ-002GG4:J. Castrop:0.000000:0.004853:0.043194:16.59:16.59:3.65,0.1285823691721125,0.1378833975573711,-0.0093010283852586,0.0,-0.5130608235845777,0.5,0.0043412674504041,Matthias Zimmermann,0.03776639335073497,72.5552678472651,8.73331819489846,0.09336442376323412,Matthias Zimmermann,0.09336442376323412,0.07128947694089798,0.02207494682233614,0.022074946822336145,0.0,0.0,obso_quality_gain,0.0,0.0,-0.0032334151304002634,0.13577607493028987,-0.07633377490836235,-1.3570587163406884,True,Matthias Zimmermann:0.037766;F. Klaus:0.038602;Shinta Appelkamp:0.046199;Dawid Kownacki:0.043781;M. Sobottka:0.012090,Matthias Zimmermann:72.555268;F. Klaus:37.215408;Shinta Appelkamp:33.433414;Dawid Kownacki:34.218455;M. Sobottka:53.638551,Matthias Zimmermann:8.733318;F. Klaus:8.580053;Shinta Appelkamp:4.907683;Dawid Kownacki:4.982991;M. Sobottka:1.806086,Matthias Zimmermann:0.093364;F. Klaus:0.093224;Shinta Appelkamp:0.077443;Dawid Kownacki:0.075504;M. Sobottka:0.023588,rank_11_DFL-MAT-J03WPY_frame_28606.png
12,DFL-MAT-J03WQQ,132894,Lukas Daschner,L. Paqarada,M. Hartel,-35.7248362940212,-5.611883304734075,DFL-OBJ-0000F8,F. Klaus,5.449355417809545,responsibility,L. Paqarada,DFL-OBJ-0000NZ:Matthias Zimmermann:0.318283:0.178456:0.144803:0.998367;DFL-OBJ-0028FW:F. Kastenmeier:0.199891:0.000000:0.022102:0.999640;DFL-OBJ-0000F8:F. Klaus:0.169108:0.004842:0.154069:0.597905;DFL-OBJ-002GM9:C. Klarer:0.151128:0.001336:0.108317:0.592461;DFL-OBJ-J01KJ5:M. Karbownik:0.063432:0.000008:0.105730:0.144450,0.0161220205659127,0.0254504668385511,0.0093284462726384,0.0336167635739874,0.0463535505452603,0.0127367869712728,F. Klaus,0.0080975488823208,F. Klaus,0.0218584760185215,0.6002471755811726,0.0241683494275359,0.0,1,16.833220131632572,0.0,,F. Klaus,0.9986618213431836,0.2390535911796759,F. Klaus,0.3224327412054675,13.139349298956928,DFL-OBJ-0000F8:F. Klaus:0.600247:0.024168:0.021858:5.45:0.000000:0.396704:0.153041;DFL-OBJ-002GM9:C. Klarer:0.593287:0.003870:0.003323:3.44:0.000000:0.690534:0.125060;DFL-OBJ-J01KJ5:M. Karbownik:0.286577:0.000426:0.000000:12.63:0.000000:0.006817:0.054829,DFL-OBJ-0000F8:F. Klaus:0.998662:0.024168:0.021858:0.82:0.995661:0.998216:0.153041;DFL-OBJ-0000NZ:Matthias Zimmermann:0.346677:0.000000:0.000000:9.76:0.633790:0.462237:0.346146;DFL-OBJ-002GM9:C. Klarer:0.040035:0.003870:0.003323:3.61:0.996499:0.000000:0.125060;DFL-OBJ-J01KJ5:M. Karbownik:0.004404:0.000426:0.000000:7.10:0.097129:0.000000:0.054829;DFL-OBJ-J0130T:Jorrit Hendrix:0.002093:0.000202:0.000000:7.44:0.656671:0.000000:0.048803,DFL-OBJ-0000F8:F. Klaus:0.322433:0.024168:0.021858:0.82:0.995661:0.998216:0.153041;DFL-OBJ-0000NZ:Matthias Zimmermann:0.276917:0.000000:0.000000:9.76:0.633790:0.462237:0.346146;DFL-OBJ-002GM9:C. Klarer:0.132076:0.003870:0.003323:3.61:0.996499:0.000000:0.125060;DFL-OBJ-J01KJ5:M. Karbownik:0.047386:0.000426:0.000000:7.10:0.097129:0.000000:0.054829;DFL-OBJ-J0130T:Jorrit Hendrix:0.040716:0.000202:0.000000:7.44:0.656671:0.000000:0.048803,DFL-OBJ-0000F8:F. Klaus:0.008098:0.021858:0.037980:0.82:0.82:0.24;DFL-OBJ-002GM9:C. Klarer:0.001231:0.003323:0.019445:3.61:3.61:3.61;DFL-OBJ-J01KJ5:M. Karbownik:0.000000:0.000000:0.016122:7.10:3.77:7.10;DFL-OBJ-J0130T:Jorrit Hendrix:0.000000:0.000000:0.016122:7.44:7.30:7.44,0.0828475611456265,0.0609732796007991,0.0218742815448274,1.4097670175967778,0.4962680811136266,0.5,0.0213028350563508,L. Paqarada,0.03604499365052955,77.88115031351718,3.2578710309609087,0.05678524479186226,Jackson Irvine,0.05022460023852431,0.029616173060707032,0.02060842717781728,0.015736595597811424,14.527542661261087,0.7652655150636578,receiver_opened,4.465169524304801,1.0,0.3948642068510295,0.5831658697658448,-0.0031669166516961056,4.465169524304801,False,L. Paqarada:0.036045;Jackson Irvine:0.032259;E. Amenyido:0.006901;Afeez Aremu:0.014544;M. Saliakas:0.004556,L. Paqarada:77.881150;Jackson Irvine:54.911898;E. Amenyido:67.548690;Afeez Aremu:72.197836;M. Saliakas:65.867423,L. Paqarada:3.257871;Jackson Irvine:2.822103;E. Amenyido:3.942760;Afeez Aremu:2.385799;M. Saliakas:1.679541,L. Paqarada:0.056785;Jackson Irvine:0.050225;E. Amenyido:0.032001;Afeez Aremu:0.029733;M. Saliakas:0.015248,rank_12_DFL-MAT-J03WQQ_frame_132894.png
13,DFL-MAT-J03WMX,43715,E. Martel,D. Selke,B. Schmitz,-27.36547691097572,8.734599776914425,DFL-OBJ-0002F5,Joshua Kimmich,3.89673454625046,responsibility,F. Kainz,DFL-OBJ-0027KL:Dayot Upamecano:0.376592:0.673811:0.673725:0.992254;DFL-OBJ-0002F5:Joshua Kimmich:0.230227:0.718140:0.208811:0.273000;DFL-OBJ-0002DR:Y. Sommer:0.110081:0.000000:0.061156:0.970825;DFL-OBJ-0027G0:Benjamin Pavard:0.075204:0.057980:0.346228:0.000000;DFL-OBJ-J01APO:N. Mazraoui:0.065264:0.184572:0.100889:0.047183,0.0278817624181099,0.0106330328246312,0.0,0.0419189508226093,0.023951121337953,0.0,Serge Gnabry,0.0,Joshua Kimmich,0.0,0.5296735088749505,0.0,0.9099184433351372,1,14.096921649778722,0.0,,Serge Gnabry,0.25,4.518240808102197,Joshua Kimmich,0.5025094625537742,3.2549807987144868,DFL-OBJ-0002F5:Joshua Kimmich:0.529674:0.000000:0.000000:3.90:0.909918:0.728401:0.628137;DFL-OBJ-0027G6:Serge Gnabry:0.439955:0.006133:0.001819:9.90:0.000000:0.048479:0.239434;DFL-OBJ-J017RE:M. de Ligt:0.181831:0.000000:0.000000:9.78:0.528212:0.120747:0.308821,DFL-OBJ-0027G6:Serge Gnabry:0.250000:0.006133:0.001819:4.52:0.159902:0.000000:0.239434;DFL-OBJ-0027KL:Dayot Upamecano:0.001359:0.000000:0.000000:14.72:0.465529:0.001812:0.129399;DFL-OBJ-0002F5:Joshua Kimmich:0.000000:0.000000:0.000000:8.69:0.891333:0.000000:0.628137;DFL-OBJ-J01APO:N. Mazraoui:0.000000:0.000000:0.000000:11.64:0.436628:0.000000:0.349773;DFL-OBJ-J017RE:M. de Ligt:0.000000:0.000000:0.000000:13.59:0.503580:0.000000:0.308821,DFL-OBJ-0002F5:Joshua Kimmich:0.502509:0.000000:0.000000:8.69:0.891333:0.000000:0.628137;DFL-OBJ-0027G6:Serge Gnabry:0.391548:0.006133:0.001819:4.52:0.159902:0.000000:0.239434;DFL-OBJ-J01APO:N. Mazraoui:0.279819:0.000000:0.000000:11.64:0.436628:0.000000:0.349773;DFL-OBJ-J017RE:M. de Ligt:0.247057:0.000000:0.000000:13.59:0.503580:0.000000:0.308821;DFL-OBJ-0027KL:Dayot Upamecano:0.103519:0.000000:0.000000:14.72:0.465529:0.001812:0.129399,DFL-OBJ-0027G6:Serge Gnabry:0.000000:0.001819:0.029701:4.52:2.89:4.52,0.0660325322783539,0.0241789872881516,0.0418535449902022,0.0,0.0,0.5,0.0414665582907293,F. Kainz,0.026538012461500646,47.31368756257349,2.7140831411951694,0.043816402376844234,F. Kainz,0.043816402376844234,0.023551575860836806,0.020264826516007427,0.020264826516007427,0.0,0.0,obso_quality_gain,0.0,0.0,0.02125273641726022,0.9994908223174614,0.03152870567013544,1.5239293249580292,True,F. Kainz:0.026538;D. Ljubicic:0.020442;D. Selke:0.019052;L. Maina:0.015080;Timo Hübers:0.007804,F. Kainz:47.313688;D. Ljubicic:75.239971;D. Selke:33.382054;L. Maina:61.582071;Timo Hübers:75.911771,F. Kainz:2.714083;D. Ljubicic:2.682764;D. Selke:1.906564;L. Maina:2.316924;Timo Hübers:1.770294,F. Kainz:0.043816;D. Ljubicic:0.037521;D. Selke:0.031190;L. Maina:0.029830;Timo Hübers:0.019074,rank_13_DFL-MAT-J03WMX_frame_43715.png
14,DFL-MAT-J03WMX,134000,Joshua Kimmich,Serge Gnabry,Leroy Sané,-40.00816265059199,8.06423994427506,DFL-OBJ-00012X,Jonas Hector,7.351071656736726,responsibility,Serge Gnabry,DFL-OBJ-00012X:Jonas Hector:0.282779:0.506045:0.508564:0.998625;DFL-OBJ-J01D1W:Jeff Chabot:0.233379:0.424410:0.354554:0.922988;DFL-OBJ-002GKO:E. Martel:0.224316:0.596150:0.285469:0.560440;DFL-OBJ-0002HE:M. Schwäbe:0.104261:0.000006:0.074505:0.985736;DFL-OBJ-0027B6:Timo Hübers:0.064365:0.010233:0.126318:0.444960,0.0233158094900764,0.034247253237046,0.0109314437469696,0.0448476995318472,0.0583935918769929,0.0135458923451456,Jonas Hector,0.0109314437469696,Jonas Hector,0.0176213014031304,0.5774333848210331,0.0220677258435208,0.0,1,6.085474509025571,0.0,,Jonas Hector,0.9615010585569952,1.2985690736426714,Jonas Hector,0.5514926241540556,5.756961003863064,DFL-OBJ-00012X:Jonas Hector:0.577433:0.022068:0.017621:7.35:0.000000:0.734870:0.439366;DFL-OBJ-J01D1W:Jeff Chabot:0.283342:0.000000:0.000000:6.33:0.000000:0.984068:0.473247,DFL-OBJ-00012X:Jonas Hector:0.961501:0.022068:0.017621:1.45:0.201436:0.948668:0.439366;DFL-OBJ-J01D1W:Jeff Chabot:0.621807:0.000000:0.000000:2.93:0.945295:0.829076:0.473247;DFL-OBJ-0027B6:Timo Hübers:0.008940:0.000000:0.000000:12.57:0.469142:0.011919:0.177310;DFL-OBJ-002GKO:E. Martel:0.000000:0.000000:0.000000:8.06:0.141676:0.000000:0.559222;DFL-OBJ-002G4A:Ellyes Skhiri:0.000000:0.000000:0.000000:18.09:0.001794:0.000000:0.140501,DFL-OBJ-00012X:Jonas Hector:0.551493:0.022068:0.017621:1.45:0.201436:0.948668:0.439366;DFL-OBJ-002GKO:E. Martel:0.447377:0.000000:0.000000:8.06:0.141676:0.000000:0.559222;DFL-OBJ-J01D1W:Jeff Chabot:0.378598:0.000000:0.000000:2.93:0.945295:0.829076:0.473247;DFL-OBJ-0027B6:Timo Hübers:0.141848:0.000000:0.000000:12.57:0.469142:0.011919:0.177310;DFL-OBJ-002G4A:Ellyes Skhiri:0.112401:0.000000:0.000000:18.09:0.001794:0.000000:0.140501,DFL-OBJ-00012X:Jonas Hector:0.010931:0.017621:0.040937:1.45:0.57:1.30,0.0662704023152543,0.0521874769217956,0.0140829253934587,0.0,0.9231586677523218,0.5,0.0199955594963874,Serge Gnabry,0.037623239545487,58.009187961169495,3.248560086128824,0.058304215371024426,Serge Gnabry,0.058304215371024426,0.03834427936832928,0.019959936002695147,0.014082925393458724,16.631069012217395,0.9231586677523209,receiver_opened,4.297675582971525,1.0,0.4032917984912697,0.47547974222250533,-0.004277912484096813,4.297675582971525,True,Serge Gnabry:0.037623;Kingsley Coman:0.014152;N. Mazraoui:0.013858;Ryan Gravenberch:0.014495;Joao Cancelo:0.006579,Serge Gnabry:58.009188;Kingsley Coman:69.221011;N. Mazraoui:64.832080;Ryan Gravenberch:53.082019;Joao Cancelo:64.354031,Serge Gnabry:3.248560;Kingsley Coman:5.276054;N. Mazraoui:1.904239;Ryan Gravenberch:1.691973;Joao Cancelo:1.493114,Serge Gnabry:0.058304;Kingsley Coman:0.047740;N. Mazraoui:0.025981;Ryan Gravenberch:0.025267;Joao Cancelo:0.016085,rank_14_DFL-MAT-J03WMX_frame_134000.png
15,DFL-MAT-J03WMX,140164,Ellyes Skhiri,K. Schindler,D. Ljubicic,22.71665833373127,-17.245861737414273,DFL-OBJ-J017RE,M. de Ligt,5.495164764732813,responsibility,D. Huseinbašić,DFL-OBJ-0027KL:Dayot Upamecano:0.223130:0.077063:0.365577:0.962318;DFL-OBJ-000191:Leon Goretzka:0.219982:0.571844:0.265014:0.000000;DFL-OBJ-0027G0:Benjamin Pavard:0.132155:0.021375:0.291542:0.493283;DFL-OBJ-0002DR:Y. Sommer:0.128586:0.000000:0.022114:0.984478;DFL-OBJ-0002AU:Leroy Sané:0.060518:0.159071:0.070651:0.000000,0.0068402117034998,0.0041304653278928,0.0,0.0171746846764116,0.0158949645567753,0.0,M. de Ligt,0.0,M. de Ligt,0.0,0.7423640368316534,0.000925895151824,0.8113717056192228,1,20.400463230034752,0.0,,Joshua Kimmich,0.7359532885538165,0.7778237631630155,Leon Goretzka,0.2912454205557018,7.073118124278712,DFL-OBJ-J017RE:M. de Ligt:0.742364:0.000926:0.000000:5.50:0.811372:0.550999:0.029770;DFL-OBJ-0002F5:Joshua Kimmich:0.404075:0.000000:0.000000:15.84:0.000000:0.999725:0.187962;DFL-OBJ-J015S4:Joao Cancelo:0.273856:0.000000:0.000000:8.91:0.000000:0.373681:0.047209,DFL-OBJ-0002F5:Joshua Kimmich:0.735953:0.000000:0.000000:10.07:0.062644:0.981271:0.187962;DFL-OBJ-000191:Leon Goretzka:0.562824:0.000000:0.000000:15.62:0.018965:0.750432:0.364057;DFL-OBJ-J017RE:M. de Ligt:0.250000:0.000926:0.000000:4.00:0.999780:0.000000:0.029770;DFL-OBJ-J015S4:Joao Cancelo:0.176154:0.000000:0.000000:6.96:0.108931:0.234872:0.047209;DFL-OBJ-0002AU:Leroy Sané:0.119378:0.000000:0.000000:22.90:0.000841:0.159170:0.334301,DFL-OBJ-000191:Leon Goretzka:0.291245:0.000000:0.000000:15.62:0.018965:0.750432:0.364057;DFL-OBJ-0002AU:Leroy Sané:0.267441:0.000000:0.000000:22.90:0.000841:0.159170:0.334301;DFL-OBJ-0027G6:Serge Gnabry:0.226665:0.000000:0.000000:30.17:0.000046:0.000000:0.283331;DFL-OBJ-J017RE:M. de Ligt:0.223816:0.000926:0.000000:4.00:0.999780:0.000000:0.029770;DFL-OBJ-0002F5:Joshua Kimmich:0.150369:0.000000:0.000000:10.07:0.062644:0.981271:0.187962,DFL-OBJ-J017RE:M. de Ligt:0.000000:0.000000:0.006406:4.00:4.00:4.00,0.0445358269929105,0.0445358269929105,0.0,0.0,0.648742244641265,0.5,6.714529266330094e-06,D. Huseinbašić,0.018750015667156283,66.63847447062993,2.1707147803622737,0.032569215160648035,Jan Thielmann,0.019139417578251328,0.0,0.019139417578251328,0.004529590131878523,51.344415976001,2.2949063287869667,space_created,0.0,0.0,0.11201410445487447,0.27185776289856967,-0.3505620186543579,2.6985908686127615,False,D. Huseinbašić:0.018750;K. Schindler:0.014349;Jan Thielmann:0.004530;L. Maina:0.008653;Timo Hübers:0.011437,D. Huseinbašić:66.638474;K. Schindler:72.666603;Jan Thielmann:51.344416;L. Maina:57.954100;Timo Hübers:59.552764,D. Huseinbašić:2.170715;K. Schindler:1.757014;Jan Thielmann:2.294906;L. Maina:1.646164;Timo Hübers:1.178930,D. Huseinbašić:0.032569;K. Schindler:0.025534;Jan Thielmann:0.019139;L. Maina:0.019133;Timo Hübers:0.018942,rank_15_DFL-MAT-J03WMX_frame_140164.png
16,DFL-MAT-J03WR9,51429,Kristoffer Peterson,Dawid Kownacki,Matthias Zimmermann,21.553228007426945,-19.35771404399501,DFL-OBJ-0026MI,Dominik Schad,3.777751275286927,responsibility,Dawid Kownacki,DFL-OBJ-0028GO:H. Çiftçi:0.197967:0.541956:0.386678:0.588549;DFL-OBJ-0026WW:R. Bormuth:0.157694:0.130360:0.407720:0.972350;DFL-OBJ-002GPN:B. Tomiak:0.137541:0.097343:0.371549:0.857007;DFL-OBJ-0026MI:Dominik Schad:0.134982:0.605427:0.189662:0.000000;DFL-OBJ-0002DT:Marlon Ritter:0.098792:0.200476:0.450770:0.000000,0.0252405879363371,0.0057410754832688,0.0,0.0375193110232398,0.0155527104072273,0.0,Kenny Prince Redondo,0.0,Dominik Schad,0.0,0.5528642436806538,0.0,0.9233996479298782,1,14.962620091414472,0.0,,Kenny Prince Redondo,0.25,6.798889615223943,Kenny Prince Redondo,0.5028815432305122,6.798889615223943,DFL-OBJ-0026MI:Dominik Schad:0.552864:0.000000:0.000000:3.78:0.923400:0.771815:0.549222,DFL-OBJ-00265G:Kenny Prince Redondo:0.250000:0.000943:0.000000:7.95:0.610578:0.000000:0.378602;DFL-OBJ-0026MI:Dominik Schad:0.000000:0.000000:0.000000:6.69:0.999998:0.000000:0.549222;DFL-OBJ-0028GO:H. Çiftçi:0.000000:0.000000:0.000000:12.75:0.817402:0.000000:0.259524;DFL-OBJ-002GPN:B. Tomiak:0.000000:0.000000:0.000000:19.23:0.743939:0.000000:0.101922;DFL-OBJ-0002DT:Marlon Ritter:0.000000:0.000000:0.000000:22.98:0.040351:0.000000:0.055985,DFL-OBJ-00265G:Kenny Prince Redondo:0.502882:0.000943:0.000000:7.95:0.610578:0.000000:0.378602;DFL-OBJ-0026MI:Dominik Schad:0.439377:0.000000:0.000000:6.69:0.999998:0.000000:0.549222;DFL-OBJ-0028GO:H. Çiftçi:0.207619:0.000000:0.000000:12.75:0.817402:0.000000:0.259524;DFL-OBJ-002GPN:B. Tomiak:0.081537:0.000000:0.000000:19.23:0.743939:0.000000:0.101922;DFL-OBJ-0002DT:Marlon Ritter:0.044788:0.000000:0.000000:22.98:0.040351:0.000000:0.055985,DFL-OBJ-00265G:Kenny Prince Redondo:0.000000:0.000000:0.025241:7.95:6.66:6.80,0.0609135800643313,0.0202863867827226,0.0406271932816087,0.0,0.0,0.5,0.0390152143901569,Dawid Kownacki,0.024694584889091303,53.04620050896439,2.4586361913650734,0.0403467490139066,Dawid Kownacki,0.0403467490139066,0.023142832708391264,0.017203916305515335,0.017203916305515335,0.0,0.0,obso_quality_gain,0.0,0.0,-0.00450688443171221,0.378684593995676,-0.015076362733760895,-0.47072361628542403,True,Dawid Kownacki:0.024695;R. Hennings:0.016899;M. Sobottka:0.019320;E. Iyoha:0.012067;Tim Oberdorf:0.008710,Dawid Kownacki:53.046201;R. Hennings:39.609167;M. Sobottka:55.665961;E. Iyoha:59.985878;Tim Oberdorf:73.785240,Dawid Kownacki:2.458636;R. Hennings:2.678476;M. Sobottka:1.881823;E. Iyoha:2.391474;Tim Oberdorf:1.733036,Dawid Kownacki:0.040347;R. Hennings:0.033951;M. Sobottka:0.031300;E. Iyoha:0.027292;Tim Oberdorf:0.019743,rank_16_DFL-MAT-J03WR9_frame_51429.png
17,DFL-MAT-J03WN1,140163,Jonathan Tah,M. Bakker,Florian Wirtz,-15.316701738900507,11.750552326271412,DFL-OBJ-0028D6,K. Schlotterbeck,6.39049765799544,responsibility,M. Bakker,DFL-OBJ-0000YV:P. Hofmann:0.341126:0.354475:0.321985:0.624327;DFL-OBJ-J014F7:I. Ordets:0.174309:0.000000:0.033585:0.955715;DFL-OBJ-0001I0:Manuel Riemann:0.171693:0.000000:0.003567:0.993023;DFL-OBJ-J016C3:S. Janko:0.109481:0.000000:0.036247:0.573751;DFL-OBJ-002GM0:E. Mašović:0.073727:0.000000:0.025760:0.384012,0.0088047166319233,0.0048256551116267,0.0,0.017836836520381,0.0147878734976253,0.0,K. Stöger,0.0,K. Schlotterbeck,0.0,0.5678574122620786,0.0006051284753775,0.7281802810614402,1,41.727362725195086,0.0,,K. Stöger,0.829425650270799,2.873525231617601,K. Stöger,0.227395860868443,23.61953852216423,DFL-OBJ-0028D6:K. Schlotterbeck:0.567857:0.000605:0.000000:6.39:0.728180:0.279095:0.008404;DFL-OBJ-002GM0:E. Mašović:0.302722:0.000000:0.000000:6.86:0.741903:0.231336:0.014169,DFL-OBJ-000172:K. Stöger:0.829426:0.001648:0.001309:7.27:0.105899:0.772568:0.034245;DFL-OBJ-002G4G:P. Osterhage:0.421619:0.000000:0.000000:12.19:0.058093:0.562158:0.064411;DFL-OBJ-000199:A. Losilla:0.368895:0.000000:0.000000:18.30:0.010469:0.491860:0.148854;DFL-OBJ-0027FG:T. Asano:0.326601:0.000000:0.000000:19.97:0.003579:0.435467:0.180265;DFL-OBJ-0028D6:K. Schlotterbeck:0.091778:0.000605:0.000000:3.58:0.981647:0.000000:0.008404,DFL-OBJ-000172:K. Stöger:0.227396:0.001648:0.001309:7.27:0.105899:0.772568:0.034245;DFL-OBJ-0000YV:P. Hofmann:0.185151:0.000000:0.000000:29.29:0.000146:0.046249:0.231439;DFL-OBJ-0027FG:T. Asano:0.144212:0.000000:0.000000:19.97:0.003579:0.435467:0.180265;DFL-OBJ-000199:A. Losilla:0.119084:0.000000:0.000000:18.30:0.010469:0.491860:0.148854;DFL-OBJ-0028D6:K. Schlotterbeck:0.080145:0.000605:0.000000:3.58:0.981647:0.000000:0.008404,DFL-OBJ-000172:K. Stöger:0.000000:0.001309:0.010114:7.27:7.13:2.87;DFL-OBJ-0028D6:K. Schlotterbeck:0.000000:0.000000:0.008805:3.58:3.58:3.58,0.0347524726306833,0.0347524726306833,0.0,1.957763832198566,0.2089633979129326,0.5,0.0003934270177444,M. Bakker,0.012629227431896341,71.99440264451725,1.4535107046104598,0.02188256397092588,S. Azmoun,0.0165849823115196,0.0,0.0165849823115196,0.006377253425384653,40.28585665647182,1.6034263039258934,space_created,0.0,0.0,-0.02149076484131851,-0.002596473786085518,-0.019964964780541994,-1.9795330912276654,False,M. Bakker:0.012629;Jeremie Frimpong:0.006651;Edmond Tapsoba:0.010526;Exequiel Palacios:0.011316;M. Diaby:0.006022,M. Bakker:71.994403;Jeremie Frimpong:71.086875;Edmond Tapsoba:71.085031;Exequiel Palacios:45.669520;M. Diaby:53.027604,M. Bakker:1.453511;Jeremie Frimpong:1.956681;Edmond Tapsoba:1.323448;Exequiel Palacios:1.162185;M. Diaby:1.866220,M. Bakker:0.021883;Jeremie Frimpong:0.019108;Edmond Tapsoba:0.018951;Exequiel Palacios:0.018714;M. Diaby:0.017903,rank_17_DFL-MAT-J03WN1_frame_140163.png
18,DFL-MAT-J03WPY,35716,James Lawrence,F. Nürnberger,J. Castrop,-7.169723163836239,14.076837288112202,DFL-OBJ-0000F8,F. Klaus,8.557933464074797,responsibility,Kwadwo Duah,DFL-OBJ-002GM9:C. Klarer:0.340676:0.785761:0.734455:0.985840;DFL-OBJ-00028V:M. Sobottka:0.266953:0.881866:0.674764:0.000000;DFL-OBJ-0000F8:F. Klaus:0.094274:0.487019:0.012534:0.000000;DFL-OBJ-0028FW:F. Kastenmeier:0.093098:0.000084:0.145862:0.848338;DFL-OBJ-J01H9X:A. Tanaka:0.086414:0.341610:0.146239:0.000000,0.0177156425108395,0.0167470341985663,0.0,0.028744288377082,0.0280091187255337,0.0,,,F. Klaus,0.0,0.4450536041994036,0.0,0.7821983584324407,1,39.4139581874239,0.0,,Dawid Kownacki,2.784832937751179e-09,24.923175322167573,F. Klaus,0.4030892123683463,4.798176737053359,DFL-OBJ-0000F8:F. Klaus:0.445054:0.000000:0.000000:8.56:0.782198:0.543615:0.503862,DFL-OBJ-002FXT:Dawid Kownacki:0.000000:0.000000:0.000000:25.08:0.115724:0.000000:0.025079;DFL-OBJ-0000F8:F. Klaus:0.000000:0.000000:0.000000:11.60:0.417072:0.000000:0.503862;DFL-OBJ-J01H9X:A. Tanaka:0.000000:0.000000:0.000000:27.33:0.877302:0.000000:0.056096;DFL-OBJ-002G5J:Shinta Appelkamp:0.000000:0.000000:0.000000:21.16:0.038160:0.000000:0.021682;DFL-OBJ-0000NZ:Matthias Zimmermann:0.000000:0.000000:0.000000:34.86:0.157133:0.000000:0.024600,DFL-OBJ-0000F8:F. Klaus:0.403089:0.000000:0.000000:11.60:0.417072:0.000000:0.503862;DFL-OBJ-J01H9X:A. Tanaka:0.044877:0.000000:0.000000:27.33:0.877302:0.000000:0.056096;DFL-OBJ-002FXT:Dawid Kownacki:0.020064:0.000000:0.000000:25.08:0.115724:0.000000:0.025079;DFL-OBJ-0000NZ:Matthias Zimmermann:0.019680:0.000000:0.000000:34.86:0.157133:0.000000:0.024600;DFL-OBJ-002G5J:Shinta Appelkamp:0.017346:0.000000:0.000000:21.16:0.038160:0.000000:0.021682,,0.0580779623602231,0.0393515003935382,0.0187264619666849,3.8676659405267912,0.0,0.5,0.0168629039831791,Kwadwo Duah,0.018299641784288542,35.207252783643774,3.4944337626838338,0.04054589804982227,F. Nürnberger,0.03653192239264618,0.02289986051595111,0.013632061876695072,0.012866253147159305,3.8676659405267912,0.12029295393822492,direct_defender_pulled,0.0,0.0,0.0802998076242516,0.9620597397024957,0.04113463410938811,4.483880079799642,False,Kwadwo Duah:0.018300;F. Nürnberger:0.021738;C. Daferner:0.014873;L. Tempelmann:0.017982;J. Geis:0.018040,Kwadwo Duah:35.207253;F. Nürnberger:69.260289;C. Daferner:46.317873;L. Tempelmann:63.610505;J. Geis:65.293495,Kwadwo Duah:3.494434;F. Nürnberger:2.323760;C. Daferner:3.087269;L. Tempelmann:2.363121;J. Geis:2.136544,Kwadwo Duah:0.040546;F. Nürnberger:0.036532;C. Daferner:0.034527;L. Tempelmann:0.033026;J. Geis:0.031642,rank_18_DFL-MAT-J03WPY_frame_35716.png
19,DFL-MAT-J03WN1,28449,A. Losilla,C. Antwi-Adjei,P. Förster,-13.835931570309985,-21.399542804891325,DFL-OBJ-002GBK,Florian Wirtz,11.3151570793037,responsibility,D. Heintz,DFL-OBJ-002GBK:Florian Wirtz:0.331543:0.653700:0.384084:0.991149;DFL-OBJ-002GAR:Edmond Tapsoba:0.112196:0.000000:0.043717:0.984103;DFL-OBJ-0026NY:L. Hrádecký:0.106857:0.000000:0.006360:0.999001;DFL-OBJ-002G8H:Exequiel Palacios:0.106357:0.017618:0.169604:0.668962;DFL-OBJ-0002LI:N. Amiri:0.103200:0.000102:0.090758:0.816513,0.0171438056610173,0.0233902402869922,0.0062464346259748,0.0269859472589829,0.0356694085107454,0.0086834612517625,Florian Wirtz,0.0060858908882003,Florian Wirtz,0.0056357652238549,0.6639696574320494,0.0072591026562001,0.424946266363612,1,8.612049697952283,0.0,,Florian Wirtz,0.8285775653035479,2.8816694541537977,Florian Wirtz,0.6723474161740858,3.6882787313325425,DFL-OBJ-002GBK:Florian Wirtz:0.663970:0.007259:0.005636:11.32:0.424946:0.676699:0.590434;DFL-OBJ-002G8H:Exequiel Palacios:0.438950:0.000809:0.000149:8.63:0.931799:0.145440:0.197096;DFL-OBJ-002GOI:Jeremie Frimpong:0.348096:0.000000:0.000000:7.39:0.828809:0.181339:0.084255,DFL-OBJ-002GBK:Florian Wirtz:0.828578:0.007259:0.005636:5.42:0.797732:0.771437:0.590434;DFL-OBJ-002G8H:Exequiel Palacios:0.027846:0.000809:0.000149:5.58:0.981495:0.000000:0.197096;DFL-OBJ-0002LI:N. Amiri:0.000131:0.000000:0.000000:16.86:0.492420:0.000175:0.086251;DFL-OBJ-002GOI:Jeremie Frimpong:0.000000:0.000000:0.000000:10.44:0.478424:0.000000:0.084255;DFL-OBJ-J013O2:S. Azmoun:0.000000:0.000000:0.000000:17.03:0.104395:0.000000:0.196170,DFL-OBJ-002GBK:Florian Wirtz:0.672347:0.007259:0.005636:5.42:0.797732:0.771437:0.590434;DFL-OBJ-002G8H:Exequiel Palacios:0.179953:0.000809:0.000149:5.58:0.981495:0.000000:0.197096;DFL-OBJ-J013O2:S. Azmoun:0.156936:0.000000:0.000000:17.03:0.104395:0.000000:0.196170;DFL-OBJ-0002LI:N. Amiri:0.069001:0.000000:0.000000:16.86:0.492420:0.000175:0.086251;DFL-OBJ-002GOI:Jeremie Frimpong:0.067404:0.000000:0.000000:10.44:0.478424:0.000000:0.084255,DFL-OBJ-002GBK:Florian Wirtz:0.006086:0.005636:0.022780:5.42:1.86:2.88;DFL-OBJ-002G8H:Exequiel Palacios:0.000161:0.000149:0.017292:5.58:5.54:5.58,0.0486725455279891,0.0556810857797697,-0.0070085402517805,0.3254489375467813,0.0,0.5,-0.0158709966259567,D. Heintz,0.01856630236436102,67.8667444198901,1.8541207206042798,0.030370001475292147,K. Stöger,0.02926933734467014,0.018356999822854797,0.010912337521815342,0.010689577507870706,0.9962126281848924,0.034991061166100845,obso_quality_gain,0.0,0.0,0.052614842436314646,0.2079376913623463,0.016228755627018643,1.948058070560192,False,D. Heintz:0.018566;S. Janko:0.013146;K. Stöger:0.016076;T. Asano:0.008240;P. Hofmann:0.006400,D. Heintz:67.866744;S. Janko:75.866820;K. Stöger:55.636416;T. Asano:37.877085;P. Hofmann:34.867689,D. Heintz:1.854121;S. Janko:2.637092;K. Stöger:2.072412;T. Asano:2.969378;P. Hofmann:3.073761,D. Heintz:0.030370;S. Janko:0.029934;K. Stöger:0.029269;T. Asano:0.027144;P. Hofmann:0.025969,rank_19_DFL-MAT-J03WN1_frame_28449.png
20,DFL-MAT-J03WR9,77235,E. Iyoha,Kristoffer Peterson,Jorrit Hendrix,7.114663774888076,-9.99016624003525,DFL-OBJ-0025YM,M. Wunderlich,7.828256609052426,responsibility,M. Sobottka,DFL-OBJ-0026MI:Dominik Schad:0.242635:0.550635:0.613465:0.994991;DFL-OBJ-00265G:Kenny Prince Redondo:0.162428:0.727882:0.329374:0.000000;DFL-OBJ-0025YM:M. Wunderlich:0.160505:0.801611:0.155089:0.112897;DFL-OBJ-0028GO:H. Çiftçi:0.131244:0.312786:0.312739:0.537997;DFL-OBJ-002GPN:B. Tomiak:0.102133:0.015900:0.266261:0.890501,0.0142372304799444,0.0138416001775585,0.0,0.0233587752471702,0.0225511439603355,0.0,M. Wunderlich,0.0,M. Wunderlich,0.0,0.6130365042464834,5.7410948353285585e-05,0.6768359043860257,2,16.773789077009404,0.0,,M. Wunderlich,0.8512327693647401,2.6598709354689007,M. Wunderlich,0.7470803130875638,2.6601127795640527,DFL-OBJ-0025YM:M. Wunderlich:0.613037:0.000057:0.000000:7.83:0.676836:0.858767:0.683850;DFL-OBJ-0001ZY:J. Zimmer:0.575598:0.000000:0.000000:2.81:0.941414:0.780649:0.187893;DFL-OBJ-0002DT:Marlon Ritter:0.434267:0.000000:0.000000:7.33:0.985454:0.226542:0.258157,DFL-OBJ-0025YM:M. Wunderlich:0.851233:0.000057:0.000000:4.85:0.975550:0.801644:0.683850;DFL-OBJ-0002DT:Marlon Ritter:0.049406:0.000000:0.000000:9.64:0.913117:0.065875:0.258157;DFL-OBJ-00021G:E. Durm:0.000000:0.000000:0.000000:27.61:0.153929:0.000000:0.018764;DFL-OBJ-00265G:Kenny Prince Redondo:0.000000:0.000000:0.000000:11.17:0.401772:0.000000:0.343793;DFL-OBJ-0001ZY:J. Zimmer:0.000000:0.000000:0.000000:8.81:0.580003:0.000000:0.187893,DFL-OBJ-0025YM:M. Wunderlich:0.747080:0.000057:0.000000:4.85:0.975550:0.801644:0.683850;DFL-OBJ-00265G:Kenny Prince Redondo:0.275034:0.000000:0.000000:11.17:0.401772:0.000000:0.343793;DFL-OBJ-0002DT:Marlon Ritter:0.206526:0.000000:0.000000:9.64:0.913117:0.065875:0.258157;DFL-OBJ-0028GO:H. Çiftçi:0.195921:0.000000:0.000000:13.50:0.668924:0.000000:0.244902;DFL-OBJ-0000YE:Terrence Boyd:0.161593:0.000000:0.000000:13.20:0.050733:0.000000:0.201991,DFL-OBJ-0025YM:M. Wunderlich:0.000000:0.000000:0.013842:4.85:4.85:2.66,0.0402614070914389,0.0205479921890709,0.019713414902368,0.235021279731427,0.0002705147148835,0.5,0.0191639703637857,M. Sobottka,0.013499332353763108,50.694256624407984,1.923106597054088,0.02574220919431478,Dawid Kownacki,0.024393913055090685,0.01455091829503972,0.009842994760050966,0.009804139012365315,0.18164111314344922,0.006103446573948679,pass_lane_opened,0.0,0.0,0.04825742418786838,0.9910579017228023,0.0023946677692014973,1.429376719012824,False,M. Sobottka:0.013499;Dawid Kownacki:0.015306;C. Klarer:0.010646;R. Hennings:0.010692;Tim Oberdorf:0.010668,M. Sobottka:50.694257;Dawid Kownacki:40.494976;C. Klarer:74.479454;R. Hennings:39.165101;Tim Oberdorf:73.322146,M. Sobottka:1.923107;Dawid Kownacki:1.427511;C. Klarer:1.768962;R. Hennings:1.648892;Tim Oberdorf:1.605396,M. Sobottka:0.025742;Dawid Kownacki:0.024394;C. Klarer:0.021907;R. Hennings:0.021190;Tim Oberdorf:0.020888,rank_20_DFL-MAT-J03WR9_frame_77235.png
