match_id,onset_frame_id,runner_name,defender_name,option_name,option_allocation_effect_fraction,runner_cross_cost_fraction,structural_tradeoff_score
DFL-MAT-J03WMX,37471,Kingsley Coman,E. Martel,Serge Gnabry,0.5744032102071855,0.7015085560843758,0.5744032102071855
DFL-MAT-J03WMX,37471,Kingsley Coman,E. Martel,T. Müller,0.4878720882273406,0.7045327821348749,0.4878720882273406
DFL-MAT-J03WMX,37471,Kingsley Coman,E. Martel,Ryan Gravenberch,0.3179931044619633,0.7045612705788432,0.3179931044619633
DFL-MAT-J03WMX,37471,Kingsley Coman,E. Martel,Leroy Sané,0.21113402363544367,0.6262285519355485,0.21113402363544367
DFL-MAT-J03WMX,37471,Kingsley Coman,E. Martel,Joshua Kimmich,0.1759170095679777,0.721485436523365,0.1759170095679777
DFL-MAT-J03WMX,37471,Kingsley Coman,Ellyes Skhiri,Ryan Gravenberch,0.5241957362684537,0.5872185496944197,0.5241957362684537
DFL-MAT-J03WMX,37471,Kingsley Coman,Ellyes Skhiri,Serge Gnabry,0.3813813259207748,0.5641839976907151,0.3813813259207748
DFL-MAT-J03WMX,37471,Kingsley Coman,Ellyes Skhiri,Joshua Kimmich,0.37601432065613094,0.510839008896119,0.37601432065613094
DFL-MAT-J03WMX,37471,Kingsley Coman,Ellyes Skhiri,T. Müller,0.07403276883978063,0.5941740201920427,0.07403276883978063
DFL-MAT-J03WMX,37471,Kingsley Coman,Ellyes Skhiri,Leroy Sané,0.015700974213911797,0.05996646540820489,0.015700974213911797
DFL-MAT-J03WMX,37471,Kingsley Coman,Jeff Chabot,T. Müller,0.6209935881312956,0.5805052473911652,0.5805052473911652
DFL-MAT-J03WMX,37471,Kingsley Coman,Jeff Chabot,Serge Gnabry,0.8302787284722565,0.5341988318157477,0.5341988318157477
DFL-MAT-J03WMX,37471,Kingsley Coman,Jeff Chabot,Ryan Gravenberch,0.46568551874426145,0.5069600556216474,0.46568551874426145
DFL-MAT-J03WMX,37471,Kingsley Coman,Jeff Chabot,Joshua Kimmich,0.1867517003646358,0.3769666569522624,0.1867517003646358
DFL-MAT-J03WMX,37471,Kingsley Coman,Jeff Chabot,Leroy Sané,0.014610270001411574,0.10435460789269112,0.014610270001411574
DFL-MAT-J03WOH,53844,F. Klaus,J. Elvedi,Dawid Kownacki,0.5726471303554481,0.5405608668723347,0.5405608668723347
DFL-MAT-J03WOH,53844,F. Klaus,J. Elvedi,D. Ginczek,0.521833644690999,0.5108507753628573,0.5108507753628573
DFL-MAT-J03WOH,53844,F. Klaus,J. Elvedi,Kristoffer Peterson,0.26272624309157805,0.5461457837230352,0.26272624309157805
DFL-MAT-J03WOH,53844,F. Klaus,J. Elvedi,N. Gavory,0.16188700542740603,0.5459066077178317,0.16188700542740603
DFL-MAT-J03WOH,53844,F. Klaus,J. Elvedi,Jorrit Hendrix,0.14439762587154473,0.5459066077178317,0.14439762587154473
DFL-MAT-J03WOH,53844,F. Klaus,S. Breitkreuz,Kristoffer Peterson,0.4180124695040615,0.5032145782471913,0.4180124695040615
DFL-MAT-J03WOH,53844,F. Klaus,S. Breitkreuz,Jorrit Hendrix,0.31017666303304825,0.5094019002253499,0.31017666303304825
DFL-MAT-J03WOH,53844,F. Klaus,S. Breitkreuz,N. Gavory,0.3068515218026945,0.5142933325750197,0.3068515218026945
DFL-MAT-J03WOH,53844,F. Klaus,S. Breitkreuz,D. Ginczek,0.5112706615831781,0.2690262700867217,0.2690262700867217
DFL-MAT-J03WOH,53844,F. Klaus,S. Breitkreuz,Dawid Kownacki,0.0,0.5094019002253499,0.0
DFL-MAT-J03WOH,53844,F. Klaus,L. Guwara,Jorrit Hendrix,0.2646276349335329,0.3033560838720037,0.2646276349335329
DFL-MAT-J03WOH,53844,F. Klaus,L. Guwara,N. Gavory,0.14407447065939394,0.3033560838720037,0.14407447065939394
DFL-MAT-J03WOH,53844,F. Klaus,L. Guwara,Kristoffer Peterson,0.125714196668895,0.2688701996225025,0.125714196668895
DFL-MAT-J03WOH,53844,F. Klaus,L. Guwara,Dawid Kownacki,0.03607919995117456,0.2230770637835742,0.03607919995117456
DFL-MAT-J03WOH,53844,F. Klaus,L. Guwara,D. Ginczek,0.002294786135768196,0.1206706458160432,0.002294786135768196
DFL-MAT-J03WOH,53833,D. Ginczek,S. Breitkreuz,F. Klaus,0.37913525907040424,0.6127788363591162,0.37913525907040424
DFL-MAT-J03WOH,53833,D. Ginczek,S. Breitkreuz,Jorrit Hendrix,0.3400168031091473,0.8681590629867644,0.3400168031091473
DFL-MAT-J03WOH,53833,D. Ginczek,S. Breitkreuz,Kristoffer Peterson,0.3142846422200263,0.7503180868255629,0.3142846422200263
DFL-MAT-J03WOH,53833,D. Ginczek,S. Breitkreuz,N. Gavory,0.2805818571189253,0.8581335980369886,0.2805818571189253
DFL-MAT-J03WOH,53833,D. Ginczek,S. Breitkreuz,Dawid Kownacki,0.0,0.8681590629867644,0.0
DFL-MAT-J03WOH,53833,D. Ginczek,K. Faber,Kristoffer Peterson,0.45780272842671355,0.6228426000661424,0.45780272842671355
DFL-MAT-J03WOH,53833,D. Ginczek,K. Faber,Jorrit Hendrix,0.34488244297008563,0.7857421030366101,0.34488244297008563
DFL-MAT-J03WOH,53833,D. Ginczek,K. Faber,N. Gavory,0.24178661156404885,0.6412533598683166,0.24178661156404885
DFL-MAT-J03WOH,53833,D. Ginczek,K. Faber,F. Klaus,0.09963385825351243,0.5832455925072451,0.09963385825351243
DFL-MAT-J03WOH,53833,D. Ginczek,K. Faber,Dawid Kownacki,0.0,0.656994262198744,0.0
DFL-MAT-J03WOH,53833,D. Ginczek,J. Elvedi,F. Klaus,0.5292659193593399,0.569740786924742,0.5292659193593399
DFL-MAT-J03WOH,53833,D. Ginczek,J. Elvedi,Dawid Kownacki,0.033852462761583386,0.04733142817741511,0.033852462761583386
DFL-MAT-J03WOH,53833,D. Ginczek,J. Elvedi,Kristoffer Peterson,0.017384670352898538,0.04727184908296354,0.017384670352898538
DFL-MAT-J03WOH,53833,D. Ginczek,J. Elvedi,N. Gavory,0.012333269782233508,0.04733142817741511,0.012333269782233508
DFL-MAT-J03WOH,53833,D. Ginczek,J. Elvedi,Jorrit Hendrix,0.012331208300815548,0.04733142817741511,0.012331208300815548
DFL-MAT-J03WOH,36179,D. Ginczek,J. Elvedi,Dawid Kownacki,0.9200709376785676,0.45426524666778506,0.45426524666778506
DFL-MAT-J03WOH,36179,D. Ginczek,J. Elvedi,F. Klaus,0.14646989060424442,0.6735313052647521,0.14646989060424442
DFL-MAT-J03WOH,36179,D. Ginczek,J. Elvedi,Kristoffer Peterson,0.014205632551249096,0.03342332733548161,0.014205632551249096
DFL-MAT-J03WOH,36179,D. Ginczek,J. Elvedi,N. Gavory,0.010612326313772943,0.06740713071811516,0.010612326313772943
DFL-MAT-J03WOH,36179,D. Ginczek,J. Elvedi,Jordy de Wijs,0.0010200768170704033,0.0030356138725581507,0.0010200768170704033
DFL-MAT-J03WOH,36179,D. Ginczek,N. Shipnoski,F. Klaus,0.38838973242687347,0.43907383096540226,0.38838973242687347
DFL-MAT-J03WOH,36179,D. Ginczek,N. Shipnoski,Dawid Kownacki,0.3318483914326098,0.4150968774605718,0.3318483914326098
DFL-MAT-J03WOH,36179,D. Ginczek,N. Shipnoski,Jordy de Wijs,0.32604642970909586,0.7768030218917689,0.32604642970909586
DFL-MAT-J03WOH,36179,D. Ginczek,N. Shipnoski,N. Gavory,0.2958255230788904,0.6711339773780582,0.2958255230788904
DFL-MAT-J03WOH,36179,D. Ginczek,N. Shipnoski,Kristoffer Peterson,0.0,0.6630006357975651,0.0
DFL-MAT-J03WOH,36179,D. Ginczek,S. Breitkreuz,F. Klaus,0.3817867027187669,0.33712594880518887,0.33712594880518887
DFL-MAT-J03WOH,36179,D. Ginczek,S. Breitkreuz,Dawid Kownacki,0.37387678094275656,0.3180540262683115,0.3180540262683115
DFL-MAT-J03WOH,36179,D. Ginczek,S. Breitkreuz,Jordy de Wijs,0.04458180270395161,0.3468287782808715,0.04458180270395161
DFL-MAT-J03WOH,36179,D. Ginczek,S. Breitkreuz,N. Gavory,0.2949036233214749,0.0,0.0
DFL-MAT-J03WOH,36179,D. Ginczek,S. Breitkreuz,Kristoffer Peterson,0.17296892711134065,0.0,0.0
DFL-MAT-J03WPY,144747,C. Daferner,Tim Oberdorf,L. Schleimer,0.7304138359207027,0.45129562687222996,0.45129562687222996
DFL-MAT-J03WPY,144747,C. Daferner,Tim Oberdorf,L. Tempelmann,0.17373374560711985,0.5025771650157549,0.17373374560711985
DFL-MAT-J03WPY,144747,C. Daferner,Tim Oberdorf,J. Castrop,0.08065106945579273,0.5025771650157549,0.08065106945579273
DFL-MAT-J03WPY,144747,C. Daferner,Tim Oberdorf,J. Geis,0.0740296154478208,0.5796131076561548,0.0740296154478208
DFL-MAT-J03WPY,144747,C. Daferner,Tim Oberdorf,E. Wekesser,0.0,0.5796131076561548,0.0
DFL-MAT-J03WPY,144747,C. Daferner,M. Sobottka,L. Schleimer,0.6452992173853402,0.47558856496125024,0.47558856496125024
DFL-MAT-J03WPY,144747,C. Daferner,M. Sobottka,E. Wekesser,0.36336861904716106,0.5147679139121367,0.36336861904716106
DFL-MAT-J03WPY,144747,C. Daferner,M. Sobottka,L. Tempelmann,0.33394753603484145,0.5147679139121367,0.33394753603484145
DFL-MAT-J03WPY,144747,C. Daferner,M. Sobottka,J. Castrop,0.18311396909084401,0.5147679139121367,0.18311396909084401
DFL-MAT-J03WPY,144747,C. Daferner,M. Sobottka,J. Geis,0.0473631132723248,0.5147679139121367,0.0473631132723248
DFL-MAT-J03WPY,144747,C. Daferner,Matthias Zimmermann,E. Wekesser,0.3877238535724573,0.21897269932914867,0.21897269932914867
DFL-MAT-J03WPY,144747,C. Daferner,Matthias Zimmermann,L. Tempelmann,0.350407937113809,0.21897269932914867,0.21897269932914867
DFL-MAT-J03WPY,144747,C. Daferner,Matthias Zimmermann,J. Castrop,0.21317231814918447,0.21897269932914867,0.21317231814918447
DFL-MAT-J03WPY,144747,C. Daferner,Matthias Zimmermann,L. Schleimer,0.7396465674228632,0.21214289843378495,0.21214289843378495
DFL-MAT-J03WPY,144747,C. Daferner,Matthias Zimmermann,J. Geis,0.11511851704787696,0.21897269932914867,0.11511851704787696
DFL-MAT-J03WR9,131237,M. Karbownik,Marlon Ritter,R. Hennings,0.2592680016661039,0.3828834477437625,0.2592680016661039
DFL-MAT-J03WR9,131237,M. Karbownik,Marlon Ritter,C. Klarer,0.1696468859890744,0.3828834477437625,0.1696468859890744
DFL-MAT-J03WR9,131237,M. Karbownik,Marlon Ritter,Dawid Kownacki,0.15945148697651437,0.3828834477437625,0.15945148697651437
DFL-MAT-J03WR9,131237,M. Karbownik,Marlon Ritter,Kristoffer Peterson,0.1315761572924668,0.3828834477437625,0.1315761572924668
DFL-MAT-J03WR9,131237,M. Karbownik,Marlon Ritter,Jorrit Hendrix,0.0,0.884872258204187,0.0
DFL-MAT-J03WR9,131237,M. Karbownik,M. Wunderlich,Jorrit Hendrix,0.289714227279771,0.42104446459281447,0.289714227279771
DFL-MAT-J03WR9,131237,M. Karbownik,M. Wunderlich,R. Hennings,0.1833329386367894,0.24606952598226903,0.1833329386367894
DFL-MAT-J03WR9,131237,M. Karbownik,M. Wunderlich,Kristoffer Peterson,0.1514487705755011,0.24689196473996364,0.1514487705755011
DFL-MAT-J03WR9,131237,M. Karbownik,M. Wunderlich,Dawid Kownacki,0.14012551314446942,0.24689196473996364,0.14012551314446942
DFL-MAT-J03WR9,131237,M. Karbownik,M. Wunderlich,C. Klarer,0.1207315512394808,0.24689196473996364,0.1207315512394808
DFL-MAT-J03WR9,131237,M. Karbownik,R. Bormuth,Kristoffer Peterson,0.6453981652883273,0.5748008079209784,0.5748008079209784
DFL-MAT-J03WR9,131237,M. Karbownik,R. Bormuth,Dawid Kownacki,0.7111684811019799,0.5622069277506689,0.5622069277506689
DFL-MAT-J03WR9,131237,M. Karbownik,R. Bormuth,C. Klarer,0.8251688691550074,0.5438818327384363,0.5438818327384363
DFL-MAT-J03WR9,131237,M. Karbownik,R. Bormuth,R. Hennings,0.7309725163944375,0.4534486987831129,0.4534486987831129
DFL-MAT-J03WR9,131237,M. Karbownik,R. Bormuth,Jorrit Hendrix,0.07677380603026446,0.11257357200331838,0.07677380603026446
DFL-MAT-J03WR9,29751,Kristoffer Peterson,J. Zimmer,Dawid Kownacki,0.46660777540198306,0.44029928955844,0.44029928955844
DFL-MAT-J03WR9,29751,Kristoffer Peterson,J. Zimmer,C. Klarer,0.3315595939703504,0.6702140845763407,0.3315595939703504
DFL-MAT-J03WR9,29751,Kristoffer Peterson,J. Zimmer,Jorrit Hendrix,0.3291844240937879,0.6702140845763407,0.3291844240937879
DFL-MAT-J03WR9,29751,Kristoffer Peterson,J. Zimmer,Tim Oberdorf,0.28448162450707126,0.6702146024034904,0.28448162450707126
DFL-MAT-J03WR9,29751,Kristoffer Peterson,J. Zimmer,M. Karbownik,0.0,0.6700572944344216,0.0
DFL-MAT-J03WR9,29751,Kristoffer Peterson,E. Durm,C. Klarer,0.5472070766954913,0.5908086844124094,0.5472070766954913
DFL-MAT-J03WR9,29751,Kristoffer Peterson,E. Durm,Jorrit Hendrix,0.5159935532265109,0.5906217059246678,0.5159935532265109
DFL-MAT-J03WR9,29751,Kristoffer Peterson,E. Durm,Dawid Kownacki,0.3863359986107999,0.6111811757932629,0.3863359986107999
DFL-MAT-J03WR9,29751,Kristoffer Peterson,E. Durm,Tim Oberdorf,0.30836969831015576,0.5889521421947822,0.30836969831015576
DFL-MAT-J03WR9,29751,Kristoffer Peterson,E. Durm,M. Karbownik,0.0,0.3795140140622743,0.0
DFL-MAT-J03WR9,29751,Kristoffer Peterson,R. Bormuth,C. Klarer,0.5975295262014875,0.45173526019884325,0.45173526019884325
DFL-MAT-J03WR9,29751,Kristoffer Peterson,R. Bormuth,Jorrit Hendrix,0.5126636452870721,0.4464301998949984,0.4464301998949984
DFL-MAT-J03WR9,29751,Kristoffer Peterson,R. Bormuth,Tim Oberdorf,0.28460462312006374,0.4465427529705542,0.28460462312006374
DFL-MAT-J03WR9,29751,Kristoffer Peterson,R. Bormuth,Dawid Kownacki,0.8954883407157073,0.25056410612607494,0.25056410612607494
DFL-MAT-J03WR9,29751,Kristoffer Peterson,R. Bormuth,M. Karbownik,0.0,0.13980606212308108,0.0
DFL-MAT-J03WR9,61841,M. Karbownik,J. Zimmer,E. Iyoha,0.7044819772258486,0.8524281310768669,0.7044819772258486
DFL-MAT-J03WR9,61841,M. Karbownik,J. Zimmer,Kristoffer Peterson,0.3846224974871974,0.8599897353595048,0.3846224974871974
DFL-MAT-J03WR9,61841,M. Karbownik,J. Zimmer,R. Hennings,0.35848409393789427,0.8503493512933747,0.35848409393789427
DFL-MAT-J03WR9,61841,M. Karbownik,J. Zimmer,Dawid Kownacki,0.3294567639082948,0.8554783179027624,0.3294567639082948
DFL-MAT-J03WR9,61841,M. Karbownik,J. Zimmer,C. Klarer,0.0,0.8612841176147501,0.0
DFL-MAT-J03WR9,61841,M. Karbownik,E. Durm,E. Iyoha,0.81182653872792,0.5616521191837281,0.5616521191837281
DFL-MAT-J03WR9,61841,M. Karbownik,E. Durm,Kristoffer Peterson,0.42396453897479647,0.6250661411495921,0.42396453897479647
DFL-MAT-J03WR9,61841,M. Karbownik,E. Durm,R. Hennings,0.3850394970012988,0.6055470139239734,0.3850394970012988
DFL-MAT-J03WR9,61841,M. Karbownik,E. Durm,Dawid Kownacki,0.33274300356237163,0.6192320226331174,0.33274300356237163
DFL-MAT-J03WR9,61841,M. Karbownik,E. Durm,C. Klarer,0.0,0.19240700836367577,0.0
DFL-MAT-J03WR9,61841,M. Karbownik,M. Wunderlich,E. Iyoha,0.4762654266652158,0.27768494998801646,0.27768494998801646
DFL-MAT-J03WR9,61841,M. Karbownik,M. Wunderlich,R. Hennings,0.19481085002348103,0.28012332288566916,0.19481085002348103
DFL-MAT-J03WR9,61841,M. Karbownik,M. Wunderlich,Kristoffer Peterson,0.19151092694811822,0.28012332288566916,0.19151092694811822
DFL-MAT-J03WR9,61841,M. Karbownik,M. Wunderlich,Dawid Kownacki,0.16613570181065374,0.28012332288566916,0.16613570181065374
DFL-MAT-J03WR9,61841,M. Karbownik,M. Wunderlich,C. Klarer,0.4646454868162534,0.07819964116691758,0.07819964116691758
