"match_id","frame_id","player_id","review","note"
"DFL-MAT-J03WMX","10697","DFL-OBJ-0027G0","correct",""
"DFL-MAT-J03WMX","14657","DFL-OBJ-J01APO","correct",""
"DFL-MAT-J03WMX","18962","DFL-OBJ-0026PM","correct",""
"DFL-MAT-J03WMX","18993","DFL-OBJ-0027G6","correct",""
"DFL-MAT-J03WMX","21664","DFL-OBJ-0027G6","correct",""
"DFL-MAT-J03WMX","23308","DFL-OBJ-J01B8N","not_meaningful","공이 우리팀 소유인지 잘 모르겠고, 그냥 공 뺏길까봐 커버가는 움직임 같음."
"DFL-MAT-J03WMX","23363","DFL-OBJ-0002AU","correct",""
"DFL-MAT-J03WMX","24286","DFL-OBJ-J01B8N","not_meaningful","볼을 받기 이전에, 우리팀 공소유가 오래 되지 않았었음."
"DFL-MAT-J03WN1","10993","DFL-OBJ-002GOI","correct",""
"DFL-MAT-J03WN1","18108","DFL-OBJ-002GBK","correct",""
"DFL-MAT-J03WN1","18215","DFL-OBJ-000199","not_meaningful","볼 뺏겨서 수비하러 가는거라, 우리가 원하는 오프더볼 아님."
"DFL-MAT-J03WOH","15929","DFL-OBJ-00028V","correct",""
"DFL-MAT-J03WOH","18017","DFL-OBJ-0027VS","correct","조금 빠른 감이 있긴하지만 괜찮음."
"DFL-MAT-J03WOH","20586","DFL-OBJ-J0130T","correct",""
"DFL-MAT-J03WOH","24099","DFL-OBJ-00028V","correct",""
"DFL-MAT-J03WOH","26240","DFL-OBJ-0027VS","correct",""
"DFL-MAT-J03WOH","28864","DFL-OBJ-002GM1","correct",""
"DFL-MAT-J03WOH","28869","DFL-OBJ-J01CP5","correct",""
"DFL-MAT-J03WOH","31860","DFL-OBJ-00028V","correct",""
"DFL-MAT-J03WOH","53833","DFL-OBJ-00003X","correct",""
"DFL-MAT-J03WOH","59530","DFL-OBJ-002GM1","not_meaningful","수비에서 공격 전환이라 움직임이 공격 합류 하는 느낌으로, 움직임에 변화가 있던거야."
"DFL-MAT-J03WOH","68836","DFL-OBJ-00003X","correct","너무좋다. 이선수때문에 상대 중앙 수비가 따라붙고 가운데 공간이 열리네."
"DFL-MAT-J03WOH","75375","DFL-OBJ-00028V","correct","이거 너무좋다. 볼 소유자에게 수비가 고정되니까, 즉 그쪽으로 움직임이 중심이 움직이다보니, 고정된 수비와 오프더볼 가져가는 선수를 막는 수비수간의 간격이 벌어지고, 그 사이로 우리가 추적하는 선수가 오프더볼 움직임 가져가는거네."
"DFL-MAT-J03WOH","75386","DFL-OBJ-00003X","correct",""
"DFL-MAT-J03WOH","102111","DFL-OBJ-0027VS","unclear","뭔가 공 경합에서 우리 선수가 공을 따서, 공격 지원 나가는 느낌이야. 의미있는 오프더볼 움직임보단..."
"DFL-MAT-J03WOH","110104","DFL-OBJ-0026UQ","not_meaningful",""
"DFL-MAT-J03WOH","124333","DFL-OBJ-00028V","not_meaningful",""
"DFL-MAT-J03WOH","147529","DFL-OBJ-J0130T","not_meaningful",""
"DFL-MAT-J03WOH","152756","DFL-OBJ-0027VS","correct",""
"DFL-MAT-J03WOH","162893","DFL-OBJ-002G5J","correct",""