"match_id","frame_id","player_id","onset_review","context_review","note"
"DFL-MAT-J03WMX","10758","DFL-OBJ-0002AU","correct","settled_attack",""
"DFL-MAT-J03WMX","13127","DFL-OBJ-0002AU","correct","settled_attack",""
"DFL-MAT-J03WMX","14654","DFL-OBJ-J01B8N","correct","settled_attack",""
"DFL-MAT-J03WMX","15355","DFL-OBJ-0027G6","correct","settled_attack",""
"DFL-MAT-J03WMX","17165","DFL-OBJ-J01B8N","unclear","unreviewed","스로인 상황은 제외하는게 맞을듯."
"DFL-MAT-J03WMX","23269","DFL-OBJ-J01B8N","correct","settled_attack",""
"DFL-MAT-J03WOH","15931","DFL-OBJ-002GM1","correct","settled_attack",""
"DFL-MAT-J03WOH","24060","DFL-OBJ-00003X","correct","settled_attack",""
"DFL-MAT-J03WOH","26173","DFL-OBJ-002GAB","correct","settled_attack",""
"DFL-MAT-J03WOH","28059","DFL-OBJ-0000F8","correct","settled_attack",""
"DFL-MAT-J03WOH","29811","DFL-OBJ-00028V","correct","settled_attack",""
"DFL-MAT-J03WOH","31362","DFL-OBJ-00028V","correct","settled_attack",""
"DFL-MAT-J03WOH","32451","DFL-OBJ-002FXT","correct","settled_attack",""
"DFL-MAT-J03WOH","36179","DFL-OBJ-00003X","correct","settled_attack",""
"DFL-MAT-J03WOH","39828","DFL-OBJ-0000NZ","too_early","transition_support","막 볼을 따낸거같은데, 그 패스 옵션 만들어주려고 ㅇㅇ."
"DFL-MAT-J03WOH","47269","DFL-OBJ-0027XP","correct","settled_attack",""
"DFL-MAT-J03WOH","53844","DFL-OBJ-0000F8","correct","settled_attack",""
"DFL-MAT-J03WOH","53879","DFL-OBJ-00003X","correct","settled_attack",""
"DFL-MAT-J03WOH","63360","DFL-OBJ-0027VS","correct","settled_attack",""
"DFL-MAT-J03WOH","68806","DFL-OBJ-00003X","correct","settled_attack",""
"DFL-MAT-J03WOH","76513","DFL-OBJ-002G2Y","correct","settled_attack",""
"DFL-MAT-J03WOH","111259","DFL-OBJ-002GAB","correct","settled_attack",""
"DFL-MAT-J03WOH","114437","DFL-OBJ-J0130T","correct","settled_attack",""
"DFL-MAT-J03WOH","114449","DFL-OBJ-00003X","correct","settled_attack",""
"DFL-MAT-J03WOH","118134","DFL-OBJ-002GAB","correct","settled_attack",""
"DFL-MAT-J03WOH","122851","DFL-OBJ-002GAB","correct","settled_attack",""
"DFL-MAT-J03WOH","124353","DFL-OBJ-00028V","unclear","unreviewed","스로인 상황은 빼자."
"DFL-MAT-J03WOH","140274","DFL-OBJ-00028V","correct","settled_attack",""
"DFL-MAT-J03WOH","147851","DFL-OBJ-002G5J","correct","settled_attack",""
"DFL-MAT-J03WOH","161063","DFL-OBJ-0027P7","too_early","contested_possession","경합이 막 끝난 상황이라...애매한듯? 그냥 막 공 뺏어서 수비하려다가 다시 공격나가는거같아."