match_id,frame_id,player_id,qc_round,source_label,team_id,ball_carrier_id,onset_labels,primary_type,x,y,onset_speed_mps,pre_mean_speed_mps,post_mean_speed_mps,speed_gain_mps,direction_change_degrees,post_displacement_m,peak_acceleration_mps2,peak_deceleration_mps2,confidence_score,ball_distance_m,stable_control_fraction,future_known_fraction,future_same_team_fraction
DFL-MAT-J03WMX,10697,DFL-OBJ-0027G0,round1,correct_and_meaningful,DFL-CLU-00000G,DFL-OBJ-0002AU,direction_change,direction_change,-8.508000000000001,-13.444,4.134201857674588,4.17214485854336,3.9070954221210257,-0.265049436422335,39.77601011432863,3.752950839006555,-0.13136357603202,0.6051986507694609,1.2509836130021852,16.295732570216042,1.0,1.0,1.0
DFL-MAT-J03WMX,14657,DFL-OBJ-J01APO,round1,correct_and_meaningful,DFL-CLU-00000G,DFL-OBJ-0026PM,direction_change,direction_change,28.384,32.064,4.446653235861791,4.7746902507297015,3.712243127617441,-1.062447123112261,36.358128893672315,3.689507826255423,-0.3116901553970518,1.7043871179068568,1.2119376297890772,6.670921975259493,1.0,1.0,1.0
DFL-MAT-J03WMX,18962,DFL-OBJ-0026PM,round1,correct_and_meaningful,DFL-CLU-00000G,DFL-OBJ-0000IA,acceleration,acceleration,25.384,32.59,1.2168915317315707,1.4005950632987243,3.659671106480311,2.2590760431815866,115.2428053330657,3.1508690864585303,5.7507669593757145,0.0,1.050289695486177,11.721284059351175,1.0,1.0,1.0
DFL-MAT-J03WMX,18993,DFL-OBJ-0027G6,round1,correct_and_meaningful,DFL-CLU-00000G,DFL-OBJ-0000IA,acceleration,acceleration,25.93,-3.236,2.063710250980015,1.991142062373526,3.5942983328316416,1.6031562704581157,2.6907119358468687,3.429188242135448,3.9631691446366775,0.0,1.068770846972077,32.82994060305319,1.0,1.0,1.0
DFL-MAT-J03WMX,21664,DFL-OBJ-0027G6,round1,correct_and_meaningful,DFL-CLU-00000G,DFL-OBJ-0026PM,direction_change,direction_change,37.084,-5.942,3.640776016181169,3.956222746429063,3.402967846653961,-0.5532548997751019,35.59053895488497,3.3553831375865264,0.1767305999187189,0.9065031700197316,1.1184610458621755,24.01093917363501,1.0,1.0,1.0
DFL-MAT-J03WMX,23363,DFL-OBJ-0002AU,round1,correct_and_meaningful,DFL-CLU-00000G,DFL-OBJ-0026PM,direction_change,direction_change,19.568,-12.806,3.65,3.946637458417922,3.999986114249165,0.0533486558312432,52.14057095246406,3.688161059389895,3.4447034551664544,1.9756112884816588,1.2293870197966317,14.716630049029568,0.8461538461538461,0.7307692307692307,1.0
DFL-MAT-J03WN1,10993,DFL-OBJ-002GOI,round1,correct_and_meaningful,DFL-CLU-00000B,DFL-OBJ-002G02,direction_change,direction_change,-10.29,-13.532,5.631358628253047,5.745745188482001,5.390472075192416,-0.3552731132895852,35.40376131042794,5.297901848845445,0.6413404264680829,0.8985189919317549,1.1801253770142646,9.51273882748812,1.0,1.0,0.9230769230769232
DFL-MAT-J03WN1,18108,DFL-OBJ-002GBK,round1,correct_and_meaningful,DFL-CLU-00000B,DFL-OBJ-J01B8R,direction_change,direction_change,-10.642,21.04,4.451755271800113,4.399446658494029,4.030053165969111,-0.3693934925249182,35.5582597677084,4.005706429582678,-0.2666563939576041,1.1071771793355558,1.18527532559028,17.13966160692795,1.0,0.8846153846153846,1.0
DFL-MAT-J03WOH,15929,DFL-OBJ-00028V,round1,correct_and_meaningful,DFL-CLU-00000P,DFL-OBJ-002FXT,direction_change,direction_change,-24.694,-5.448,4.451755271800101,4.799239772944902,3.290555816083468,-1.508683956861434,31.27477873111197,3.295093321895452,-1.4243258249539688,2.6029209493951626,1.042492624370399,14.527009327456218,1.0,1.0,1.0
DFL-MAT-J03WOH,18017,DFL-OBJ-0027VS,round1,correct_and_meaningful,DFL-CLU-000011,DFL-OBJ-002GAB,direction_change,direction_change,29.910000000000004,-9.37,5.6063914419169825,5.9016689682079395,4.964900433915987,-0.9367685342919528,47.496444807910926,4.800971984921385,2.1105011752053686,2.8933007485769573,1.5832148269303643,3.544686163823255,1.0,1.0,1.0
DFL-MAT-J03WOH,20586,DFL-OBJ-J0130T,round1,correct_and_meaningful,DFL-CLU-00000P,DFL-OBJ-002FXT,direction_change,direction_change,-11.998,8.938,3.782912237945791,3.732708588084189,4.263587492589213,0.5308789045050242,37.33015175916909,4.06434742609438,1.386362678761422,0.0,1.2443383919723028,25.35258961131979,1.0,1.0,1.0
DFL-MAT-J03WOH,24099,DFL-OBJ-00028V,round1,correct_and_meaningful,DFL-CLU-00000P,DFL-OBJ-0000F8,acceleration,acceleration,3.996,16.740000000000002,2.0624803029362413,2.167634479328787,3.864405835571053,1.696771356242266,8.838578342127514,3.6004055327143365,4.230427113094441,0.0,1.1311809041615106,14.281277954020783,1.0,1.0,1.0
DFL-MAT-J03WOH,26240,DFL-OBJ-0027VS,round1,correct_and_meaningful,DFL-CLU-000011,DFL-OBJ-0026UQ,direction_change,direction_change,-6.224,18.816000000000003,5.9181437123476535,6.218990517790707,4.5455578404156896,-1.6734326773750174,37.45244899776366,4.630605144038952,0.7435916054343685,3.2085505342557292,1.248414966592122,21.49352460626223,1.0,1.0,1.0
DFL-MAT-J03WOH,28864,DFL-OBJ-002GM1,round1,correct_and_meaningful,DFL-CLU-00000P,DFL-OBJ-J0130T,acceleration,acceleration,-0.7140000000000001,-8.824,2.478235259211688,2.6477216698422175,4.584200716220686,1.936479046378469,92.28196903111322,4.0323660548119875,4.540243920166767,0.0,1.2909860309189791,36.24345734060149,1.0,1.0,1.0
DFL-MAT-J03WOH,28869,DFL-OBJ-J01CP5,round1,correct_and_meaningful,DFL-CLU-00000P,DFL-OBJ-J0130T,acceleration,acceleration,20.938,-14.968,0.9474439297393726,1.9867980445165925,3.5136631527880806,1.526865108271488,134.84538709766537,3.089787047678206,5.715191852310711,0.0,1.0179100721809922,36.99654713618556,1.0,1.0,1.0
DFL-MAT-J03WOH,31860,DFL-OBJ-00028V,round1,correct_and_meaningful,DFL-CLU-00000P,DFL-OBJ-0000NZ,acceleration|direction_change,direction_change,-26.664,8.124,2.9575707937427267,2.7696163819930746,4.466689912492826,1.6970735304997513,39.58798226316214,4.058236562843522,3.9780911140284623,0.0,1.3195994087720713,12.32233744059949,1.0,1.0,1.0
DFL-MAT-J03WOH,53833,DFL-OBJ-00003X,round1,correct_and_meaningful,DFL-CLU-00000P,DFL-OBJ-002FXT,acceleration,acceleration,-29.396,3.28,1.7864000111957097,1.8138127621408096,3.646201120559912,1.8323883584191023,17.91561221664633,3.3908877893554688,5.091949094293378,0.0,1.1302959297851565,14.20346788640014,1.0,1.0,1.0
DFL-MAT-J03WOH,68836,DFL-OBJ-00003X,round1,correct_and_meaningful,DFL-CLU-00000P,DFL-OBJ-J014UG,direction_change,direction_change,-9.452,-11.024,4.58807693919794,5.178005486074894,4.317804280652313,-0.8602012054225812,40.59826964259331,4.083863366960261,0.9884303004339824,2.4464225750237927,1.3532756547531102,25.821982882807433,1.0,0.6538461538461539,0.8823529411764706
DFL-MAT-J03WOH,75375,DFL-OBJ-00028V,round1,correct_and_meaningful,DFL-CLU-00000P,DFL-OBJ-0000NZ,acceleration,acceleration,-22.468,11.956,2.428358499068866,2.38056837964646,3.925939529683205,1.545371150036745,41.31010677011091,3.736495149200651,3.346423158341074,0.0,1.03024743335783,14.395155435076068,0.8461538461538461,1.0,1.0
DFL-MAT-J03WOH,75386,DFL-OBJ-00003X,round1,correct_and_meaningful,DFL-CLU-00000P,DFL-OBJ-0000NZ,acceleration,acceleration,-33.072,7.986000000000001,1.3751818061623684,1.4022225651201472,3.4629779637724623,2.060755398652315,80.79138836425922,3.1083403932002027,4.615577113535696,0.0,1.0361134644000676,21.915321124729154,1.0,1.0,1.0
DFL-MAT-J03WOH,152756,DFL-OBJ-0027VS,round1,correct_and_meaningful,DFL-CLU-000011,DFL-OBJ-0028CD,direction_change,direction_change,-36.482,-15.166,4.693253136151959,5.174388129378954,4.433524505478602,-0.7408636239003519,43.35518909245432,4.228309354813106,1.918624936955562,2.016857971517829,1.4094364516043687,12.394910245742,1.0,1.0,0.8461538461538461
DFL-MAT-J03WOH,162893,DFL-OBJ-002G5J,round1,correct_and_meaningful,DFL-CLU-00000P,DFL-OBJ-J01CP5,direction_change,direction_change,-6.872,12.41,4.967245212388857,4.8780794042738265,4.843510863891802,-0.0345685403820246,33.339400712636575,4.702500186071235,0.1915186730341709,1.3378486590870775,1.111313357087886,35.72991183868216,1.0,0.7692307692307693,1.0
DFL-MAT-J03WMX,10758,DFL-OBJ-0002AU,round2,correct_settled_attack,DFL-CLU-00000G,DFL-OBJ-0027G0,direction_change,direction_change,5.506,-23.188,3.7303652636169655,3.9305925441518994,3.5206526890919827,-0.4099398550599167,33.87546041761374,3.4244906190556264,-0.0944787251618401,0.6897836363640614,1.129182013920458,18.073751685801152,1.0,1.0,1.0
DFL-MAT-J03WMX,13127,DFL-OBJ-0002AU,round2,correct_settled_attack,DFL-CLU-00000G,DFL-OBJ-0027G0,direction_change,direction_change,-9.388,-31.802,3.811446575776702,3.880182091069665,4.07859262810358,0.1984105370339151,36.49128079899163,3.940317246111027,1.404125425411241,0.3448493830015693,1.2163760266330543,14.040512811147604,1.0,0.7307692307692307,1.0
DFL-MAT-J03WMX,14654,DFL-OBJ-J01B8N,round2,correct_settled_attack,DFL-CLU-00000G,DFL-OBJ-0026PM,direction_change,direction_change,10.922,20.838,3.336184197552646,3.464550359896202,3.4497161649094292,-0.0148341949867729,37.89261845934168,3.3143204431677993,1.0392480002330546,0.3084924090087647,1.104773481055933,16.659051593653224,1.0,1.0,1.0
DFL-MAT-J03WMX,15355,DFL-OBJ-0027G6,round2,correct_settled_attack,DFL-CLU-00000G,DFL-OBJ-J01B8N,direction_change,direction_change,-0.082,7.840000000000001,4.177427438029306,4.301527474724382,3.3831827010380424,-0.9183447736863392,41.68083005320867,3.3323463205375283,0.1675907965760242,1.9187201308559112,1.1107821068458428,20.23605198649183,1.0,0.9615384615384616,1.0
DFL-MAT-J03WMX,23269,DFL-OBJ-J01B8N,round2,correct_settled_attack,DFL-CLU-00000G,DFL-OBJ-0026PM,direction_change,direction_change,-0.7200000000000001,5.462,2.853440905293119,2.8883097097907187,3.546971823151097,0.6586621133603785,31.63661506158557,3.429020851496824,2.440848106113716,0.1937134913060982,1.0545538353861856,5.055620634501762,1.0,0.8076923076923077,0.9047619047619048
DFL-MAT-J03WOH,15931,DFL-OBJ-002GM1,round2,correct_settled_attack,DFL-CLU-00000P,DFL-OBJ-002FXT,direction_change,direction_change,-18.386000000000003,-19.58,4.647972676339654,4.9982163728282,3.5059789960697105,-1.492237376758489,48.735412580104935,3.373589779448588,-0.3009624433018256,2.518130505339258,1.1245299264828623,24.95092984239265,1.0,1.0,1.0
DFL-MAT-J03WOH,24060,DFL-OBJ-00003X,round2,correct_settled_attack,DFL-CLU-00000P,DFL-OBJ-0000F8,acceleration,acceleration,-7.388000000000001,3.1180000000000003,1.8886039817812537,2.010964085581868,3.9498056401220136,1.9388415545401456,62.81025396072702,3.544587423100183,4.8505218021054075,0.0,1.1815291410333943,31.702220742402258,1.0,1.0,1.0
DFL-MAT-J03WOH,26173,DFL-OBJ-002GAB,round2,correct_settled_attack,DFL-CLU-000011,DFL-OBJ-0026UQ,direction_change,direction_change,12.186,16.750000000000004,4.3044889359829765,4.5784571264763025,3.940446974505181,-0.6380101519711214,34.58459576585299,3.869048978754338,-0.4824344882637574,1.0416596642909643,1.1528198588617662,17.923889086914144,1.0,1.0,1.0
DFL-MAT-J03WOH,28059,DFL-OBJ-0000F8,round2,correct_settled_attack,DFL-CLU-00000P,DFL-OBJ-0000NZ,direction_change,direction_change,-15.668,13.925999999999998,5.062630245238139,4.833138015497844,5.123623892178551,0.290485876680707,34.40914512448288,4.954645900566458,1.0936334911108232,0.7951774692733111,1.1469715041494295,20.345331159752597,0.9230769230769232,1.0,1.0
DFL-MAT-J03WOH,29811,DFL-OBJ-00028V,round2,correct_settled_attack,DFL-CLU-00000P,DFL-OBJ-00006V,acceleration|direction_change,direction_change,7.31,18.646,2.7032295500012564,2.4875000187063656,4.360909088446707,1.677489307706654,71.22896895234759,3.990831993457009,3.233468536288969,0.0,1.1183262051377694,20.163040445329667,1.0,1.0,1.0
DFL-MAT-J03WOH,31362,DFL-OBJ-00028V,round2,correct_settled_attack,DFL-CLU-00000P,DFL-OBJ-0000NZ,direction_change,direction_change,-29.44,16.676000000000002,5.299823110255655,5.569486105580803,4.887625543383825,-0.6818605621969782,35.231630021951865,4.7833699417879005,0.501609816415011,1.860970129533995,1.1743876673983955,14.481412223951088,1.0,1.0,1.0
DFL-MAT-J03WOH,32451,DFL-OBJ-002FXT,round2,correct_settled_attack,DFL-CLU-00000P,DFL-OBJ-00006V,direction_change,direction_change,-15.808000000000002,-0.354,4.029143829649172,4.066545644530869,4.061054420956379,-0.0054912235744906,35.089018384900385,3.906467457947142,0.2426752702005236,0.2353491722006471,1.1696339461633465,26.942562981275557,1.0,1.0,1.0
DFL-MAT-J03WOH,36179,DFL-OBJ-00003X,round2,correct_settled_attack,DFL-CLU-00000P,DFL-OBJ-002GM1,direction_change,direction_change,-32.172000000000004,-8.624,3.6972726434494967,3.702047575169725,3.6754901570581446,-0.0265574181115804,52.889903461306005,3.3443235489407996,2.298661160948908,1.2891415110731803,1.1147745163135998,18.777521135655796,1.0,1.0,1.0
DFL-MAT-J03WOH,47269,DFL-OBJ-0027XP,round2,correct_settled_attack,DFL-CLU-000011,DFL-OBJ-002G2Y,direction_change,direction_change,-3.1,32.646,3.483819742753634,3.656618807337313,3.445252671549877,-0.2113661357874363,34.86632037873224,3.438618908806266,1.452874589512748,0.6669044817352332,1.146206302935422,7.449624151593152,1.0,0.7692307692307693,1.0
DFL-MAT-J03WOH,53844,DFL-OBJ-0000F8,round2,correct_settled_attack,DFL-CLU-00000P,DFL-OBJ-002FXT,direction_change,direction_change,-32.010000000000005,21.036,3.830117491670458,4.306178919779523,3.646730332070391,-0.6594485877091318,35.41440751358867,3.5619612575096795,0.4835559134277891,1.5793901918559246,1.1804802504529557,11.45713751335821,1.0,1.0,1.0
DFL-MAT-J03WOH,53879,DFL-OBJ-00003X,round2,correct_settled_attack,DFL-CLU-00000P,DFL-OBJ-002FXT,direction_change,direction_change,-36.684000000000005,4.864000000000001,4.7963788424185125,5.080529599644692,3.5471084218310307,-1.5334211778136615,33.92547163136174,3.5213690519455647,-1.7072645362331005,3.592530576121268,1.1308490543787246,6.838143022780377,1.0,1.0,1.0
DFL-MAT-J03WOH,63360,DFL-OBJ-0027VS,round2,correct_settled_attack,DFL-CLU-000011,DFL-OBJ-00268T,direction_change,direction_change,-0.5720000000000001,11.768,4.129712459724042,4.039952515546239,4.597242714211107,0.5572901986648677,33.43428662906026,4.439918017261128,1.2134501753346485,0.0,1.1144762209686754,17.1749876273609,1.0,0.7307692307692307,1.0
DFL-MAT-J03WOH,68806,DFL-OBJ-00003X,round2,correct_settled_attack,DFL-CLU-00000P,DFL-OBJ-J014UG,direction_change,direction_change,-10.386,-4.824000000000001,5.97673196655162,6.474490562216956,5.526213634195535,-0.9482769280214214,36.15241485256803,5.352544068011024,-0.3716394912893145,1.8063487806412504,1.2050804950856011,33.80982105838479,1.0,1.0,1.0
DFL-MAT-J03WOH,76513,DFL-OBJ-002G2Y,round2,correct_settled_attack,DFL-CLU-000011,DFL-OBJ-0027VS,direction_change,direction_change,22.520000000000003,-24.732000000000003,5.277390453623835,5.425563254208492,4.669957897025933,-0.7556053571825592,33.641231837400454,4.565160676252258,-0.8544706023985564,1.4244681586729289,1.1213743945800152,15.868096924332166,1.0,1.0,1.0
DFL-MAT-J03WOH,111259,DFL-OBJ-002GAB,round2,correct_settled_attack,DFL-CLU-000011,DFL-OBJ-0027XP,direction_change,direction_change,-26.562,21.44,5.829588321657031,6.017082746055167,5.166332961145614,-0.8507497849095529,36.28838604828923,5.197049162746105,0.4735470022698647,2.00886080997969,1.209612868276308,11.209696695272356,1.0,1.0,1.0
DFL-MAT-J03WOH,114437,DFL-OBJ-J0130T,round2,correct_settled_attack,DFL-CLU-00000P,DFL-OBJ-J014UG,direction_change,direction_change,-16.738,6.502,3.712337538532827,3.677007064066691,3.5837515890446827,-0.0932554750220089,40.1622603051896,3.4114372337769905,0.015596007300946,0.5128539345649555,1.13714574459233,17.84583985134911,1.0,1.0,1.0
DFL-MAT-J03WOH,114449,DFL-OBJ-00003X,round2,correct_settled_attack,DFL-CLU-00000P,DFL-OBJ-J014UG,direction_change,direction_change,13.294,2.766,5.297942997050838,5.060558073195751,5.227622951544263,0.167064878348512,36.503386476376946,5.136988222684573,1.3593426681090142,0.6212718671379773,1.2167795492125648,35.06315730221681,1.0,0.9615384615384616,1.0
DFL-MAT-J03WOH,118134,DFL-OBJ-002GAB,round2,correct_settled_attack,DFL-CLU-000011,DFL-OBJ-0027B0,acceleration|direction_change,direction_change,10.104,-14.188000000000002,1.9681018774443584,2.167687834297764,4.146291435717449,2.022587087437203,99.31183260031398,3.513351106849412,4.79779222397452,0.0,1.1711170356164706,20.211130596777608,1.0,1.0,1.0
DFL-MAT-J03WOH,122851,DFL-OBJ-002GAB,round2,correct_settled_attack,DFL-CLU-000011,DFL-OBJ-00268T,direction_change,direction_change,-6.37,-4.188000000000001,3.4280023337214907,3.381245505526542,3.5073035960542103,0.1260580905276689,33.9711138095114,3.3657551901467824,0.2771219491152331,0.0787490219747905,1.121918396715594,27.72234658177406,1.0,1.0,1.0
DFL-MAT-J03WOH,140274,DFL-OBJ-00028V,round2,correct_settled_attack,DFL-CLU-00000P,DFL-OBJ-002GM9,direction_change,direction_change,-18.198,-8.664,5.137277975737728,5.258266215247665,4.762281804649741,-0.4959844105979236,33.72866032119086,4.692824309517672,0.2582840635788136,0.9967259423382676,1.1242886773730283,18.935186822421375,1.0,1.0,1.0
DFL-MAT-J03WOH,147851,DFL-OBJ-002G5J,round2,correct_settled_attack,DFL-CLU-00000P,DFL-OBJ-0000F8,acceleration,acceleration,1.066,-1.294,1.6905768246370825,1.5767079308732947,3.3052185914147456,1.7285106605414509,1.646487366815936,3.102515753384663,3.7787366000433815,0.0,1.0341719177948876,14.758245153133892,1.0,1.0,1.0
