match_id,frame_id,player_id,onset_review,context_review,note,analysis_cohort,team_id,ball_carrier_id,onset_labels,primary_type,x,y,onset_speed_mps,pre_mean_speed_mps,post_mean_speed_mps,speed_gain_mps,direction_change_degrees,post_displacement_m,peak_acceleration_mps2,peak_deceleration_mps2,confidence_score,ball_distance_m,stable_control_fraction,future_known_fraction,future_same_team_fraction
DFL-MAT-J03WMX,10758,DFL-OBJ-0002AU,correct,settled_attack,,primary_settled,DFL-CLU-00000G,DFL-OBJ-0027G0,direction_change,direction_change,5.506,-23.188,3.7303652636169655,3.9305925441518994,3.5206526890919827,-0.4099398550599167,33.87546041761374,3.4244906190556264,-0.0944787251618401,0.6897836363640614,1.129182013920458,18.073751685801152,1.0,1.0,1.0
DFL-MAT-J03WMX,13127,DFL-OBJ-0002AU,correct,settled_attack,,primary_settled,DFL-CLU-00000G,DFL-OBJ-0027G0,direction_change,direction_change,-9.388,-31.802,3.811446575776702,3.880182091069665,4.07859262810358,0.1984105370339151,36.49128079899163,3.940317246111027,1.404125425411241,0.3448493830015693,1.2163760266330543,14.040512811147604,1.0,0.7307692307692307,1.0
DFL-MAT-J03WMX,14654,DFL-OBJ-J01B8N,correct,settled_attack,,primary_settled,DFL-CLU-00000G,DFL-OBJ-0026PM,direction_change,direction_change,10.922,20.838,3.336184197552646,3.464550359896202,3.4497161649094292,-0.0148341949867729,37.89261845934168,3.3143204431677993,1.0392480002330546,0.3084924090087647,1.104773481055933,16.659051593653224,1.0,1.0,1.0
DFL-MAT-J03WMX,15355,DFL-OBJ-0027G6,correct,settled_attack,,primary_settled,DFL-CLU-00000G,DFL-OBJ-J01B8N,direction_change,direction_change,-0.082,7.840000000000001,4.177427438029306,4.301527474724382,3.3831827010380424,-0.9183447736863392,41.68083005320867,3.3323463205375283,0.1675907965760242,1.9187201308559112,1.1107821068458428,20.23605198649183,1.0,0.9615384615384616,1.0
DFL-MAT-J03WMX,17165,DFL-OBJ-J01B8N,unclear,unreviewed,스로인 상황은 제외하는게 맞을듯.,exclude,DFL-CLU-00000G,DFL-OBJ-J01APO,direction_change,direction_change,28.678,27.982000000000003,3.980175875511037,4.247909397256217,3.8451336721760345,-0.4027757250801826,43.193506090557975,3.630974524834894,0.8600780638414924,1.5289525363547338,1.2103248416116312,6.493335044489852,1.0,1.0,1.0
DFL-MAT-J03WMX,23269,DFL-OBJ-J01B8N,correct,settled_attack,,primary_settled,DFL-CLU-00000G,DFL-OBJ-0026PM,direction_change,direction_change,-0.7200000000000001,5.462,2.853440905293119,2.8883097097907187,3.546971823151097,0.6586621133603785,31.63661506158557,3.429020851496824,2.440848106113716,0.1937134913060982,1.0545538353861856,5.055620634501762,1.0,0.8076923076923077,0.9047619047619048
DFL-MAT-J03WOH,15931,DFL-OBJ-002GM1,correct,settled_attack,,primary_settled,DFL-CLU-00000P,DFL-OBJ-002FXT,direction_change,direction_change,-18.386000000000003,-19.58,4.647972676339654,4.9982163728282,3.5059789960697105,-1.492237376758489,48.735412580104935,3.373589779448588,-0.3009624433018256,2.518130505339258,1.1245299264828623,24.95092984239265,1.0,1.0,1.0
DFL-MAT-J03WOH,24060,DFL-OBJ-00003X,correct,settled_attack,,primary_settled,DFL-CLU-00000P,DFL-OBJ-0000F8,acceleration,acceleration,-7.388000000000001,3.1180000000000003,1.8886039817812537,2.010964085581868,3.9498056401220136,1.9388415545401456,62.81025396072702,3.544587423100183,4.8505218021054075,0.0,1.1815291410333943,31.702220742402258,1.0,1.0,1.0
DFL-MAT-J03WOH,26173,DFL-OBJ-002GAB,correct,settled_attack,,primary_settled,DFL-CLU-000011,DFL-OBJ-0026UQ,direction_change,direction_change,12.186,16.750000000000004,4.3044889359829765,4.5784571264763025,3.940446974505181,-0.6380101519711214,34.58459576585299,3.869048978754338,-0.4824344882637574,1.0416596642909643,1.1528198588617662,17.923889086914144,1.0,1.0,1.0
DFL-MAT-J03WOH,28059,DFL-OBJ-0000F8,correct,settled_attack,,primary_settled,DFL-CLU-00000P,DFL-OBJ-0000NZ,direction_change,direction_change,-15.668,13.925999999999998,5.062630245238139,4.833138015497844,5.123623892178551,0.290485876680707,34.40914512448288,4.954645900566458,1.0936334911108232,0.7951774692733111,1.1469715041494295,20.345331159752597,0.9230769230769232,1.0,1.0
DFL-MAT-J03WOH,29811,DFL-OBJ-00028V,correct,settled_attack,,primary_settled,DFL-CLU-00000P,DFL-OBJ-00006V,acceleration|direction_change,direction_change,7.31,18.646,2.7032295500012564,2.4875000187063656,4.360909088446707,1.677489307706654,71.22896895234759,3.990831993457009,3.233468536288969,0.0,1.1183262051377694,20.163040445329667,1.0,1.0,1.0
DFL-MAT-J03WOH,31362,DFL-OBJ-00028V,correct,settled_attack,,primary_settled,DFL-CLU-00000P,DFL-OBJ-0000NZ,direction_change,direction_change,-29.44,16.676000000000002,5.299823110255655,5.569486105580803,4.887625543383825,-0.6818605621969782,35.231630021951865,4.7833699417879005,0.501609816415011,1.860970129533995,1.1743876673983955,14.481412223951088,1.0,1.0,1.0
DFL-MAT-J03WOH,32451,DFL-OBJ-002FXT,correct,settled_attack,,primary_settled,DFL-CLU-00000P,DFL-OBJ-00006V,direction_change,direction_change,-15.808000000000002,-0.354,4.029143829649172,4.066545644530869,4.061054420956379,-0.0054912235744906,35.089018384900385,3.906467457947142,0.2426752702005236,0.2353491722006471,1.1696339461633465,26.942562981275557,1.0,1.0,1.0
DFL-MAT-J03WOH,36179,DFL-OBJ-00003X,correct,settled_attack,,primary_settled,DFL-CLU-00000P,DFL-OBJ-002GM1,direction_change,direction_change,-32.172000000000004,-8.624,3.6972726434494967,3.702047575169725,3.6754901570581446,-0.0265574181115804,52.889903461306005,3.3443235489407996,2.298661160948908,1.2891415110731803,1.1147745163135998,18.777521135655796,1.0,1.0,1.0
DFL-MAT-J03WOH,39828,DFL-OBJ-0000NZ,too_early,transition_support,"막 볼을 따낸거같은데, 그 패스 옵션 만들어주려고 ㅇㅇ.",secondary_transition_diagnostic,DFL-CLU-00000P,DFL-OBJ-J0130T,direction_change,direction_change,-1.05,23.276,3.5690790128547207,3.6379135075057865,3.4143442805100177,-0.2235692269957687,30.399834187891813,3.3329674465857004,0.0564681189272923,0.6394096714671016,1.0133278062630604,10.695798240430678,1.0,1.0,1.0
DFL-MAT-J03WOH,47269,DFL-OBJ-0027XP,correct,settled_attack,,primary_settled,DFL-CLU-000011,DFL-OBJ-002G2Y,direction_change,direction_change,-3.1,32.646,3.483819742753634,3.656618807337313,3.445252671549877,-0.2113661357874363,34.86632037873224,3.438618908806266,1.452874589512748,0.6669044817352332,1.146206302935422,7.449624151593152,1.0,0.7692307692307693,1.0
DFL-MAT-J03WOH,53844,DFL-OBJ-0000F8,correct,settled_attack,,primary_settled,DFL-CLU-00000P,DFL-OBJ-002FXT,direction_change,direction_change,-32.010000000000005,21.036,3.830117491670458,4.306178919779523,3.646730332070391,-0.6594485877091318,35.41440751358867,3.5619612575096795,0.4835559134277891,1.5793901918559246,1.1804802504529557,11.45713751335821,1.0,1.0,1.0
DFL-MAT-J03WOH,53879,DFL-OBJ-00003X,correct,settled_attack,,primary_settled,DFL-CLU-00000P,DFL-OBJ-002FXT,direction_change,direction_change,-36.684000000000005,4.864000000000001,4.7963788424185125,5.080529599644692,3.5471084218310307,-1.5334211778136615,33.92547163136174,3.5213690519455647,-1.7072645362331005,3.592530576121268,1.1308490543787246,6.838143022780377,1.0,1.0,1.0
DFL-MAT-J03WOH,63360,DFL-OBJ-0027VS,correct,settled_attack,,primary_settled,DFL-CLU-000011,DFL-OBJ-00268T,direction_change,direction_change,-0.5720000000000001,11.768,4.129712459724042,4.039952515546239,4.597242714211107,0.5572901986648677,33.43428662906026,4.439918017261128,1.2134501753346485,0.0,1.1144762209686754,17.1749876273609,1.0,0.7307692307692307,1.0
DFL-MAT-J03WOH,68806,DFL-OBJ-00003X,correct,settled_attack,,primary_settled,DFL-CLU-00000P,DFL-OBJ-J014UG,direction_change,direction_change,-10.386,-4.824000000000001,5.97673196655162,6.474490562216956,5.526213634195535,-0.9482769280214214,36.15241485256803,5.352544068011024,-0.3716394912893145,1.8063487806412504,1.2050804950856011,33.80982105838479,1.0,1.0,1.0
DFL-MAT-J03WOH,76513,DFL-OBJ-002G2Y,correct,settled_attack,,primary_settled,DFL-CLU-000011,DFL-OBJ-0027VS,direction_change,direction_change,22.520000000000003,-24.732000000000003,5.277390453623835,5.425563254208492,4.669957897025933,-0.7556053571825592,33.641231837400454,4.565160676252258,-0.8544706023985564,1.4244681586729289,1.1213743945800152,15.868096924332166,1.0,1.0,1.0
DFL-MAT-J03WOH,111259,DFL-OBJ-002GAB,correct,settled_attack,,primary_settled,DFL-CLU-000011,DFL-OBJ-0027XP,direction_change,direction_change,-26.562,21.44,5.829588321657031,6.017082746055167,5.166332961145614,-0.8507497849095529,36.28838604828923,5.197049162746105,0.4735470022698647,2.00886080997969,1.209612868276308,11.209696695272356,1.0,1.0,1.0
DFL-MAT-J03WOH,114437,DFL-OBJ-J0130T,correct,settled_attack,,primary_settled,DFL-CLU-00000P,DFL-OBJ-J014UG,direction_change,direction_change,-16.738,6.502,3.712337538532827,3.677007064066691,3.5837515890446827,-0.0932554750220089,40.1622603051896,3.4114372337769905,0.015596007300946,0.5128539345649555,1.13714574459233,17.84583985134911,1.0,1.0,1.0
DFL-MAT-J03WOH,114449,DFL-OBJ-00003X,correct,settled_attack,,primary_settled,DFL-CLU-00000P,DFL-OBJ-J014UG,direction_change,direction_change,13.294,2.766,5.297942997050838,5.060558073195751,5.227622951544263,0.167064878348512,36.503386476376946,5.136988222684573,1.3593426681090142,0.6212718671379773,1.2167795492125648,35.06315730221681,1.0,0.9615384615384616,1.0
DFL-MAT-J03WOH,118134,DFL-OBJ-002GAB,correct,settled_attack,,primary_settled,DFL-CLU-000011,DFL-OBJ-0027B0,acceleration|direction_change,direction_change,10.104,-14.188000000000002,1.9681018774443584,2.167687834297764,4.146291435717449,2.022587087437203,99.31183260031398,3.513351106849412,4.79779222397452,0.0,1.1711170356164706,20.211130596777608,1.0,1.0,1.0
DFL-MAT-J03WOH,122851,DFL-OBJ-002GAB,correct,settled_attack,,primary_settled,DFL-CLU-000011,DFL-OBJ-00268T,direction_change,direction_change,-6.37,-4.188000000000001,3.4280023337214907,3.381245505526542,3.5073035960542103,0.1260580905276689,33.9711138095114,3.3657551901467824,0.2771219491152331,0.0787490219747905,1.121918396715594,27.72234658177406,1.0,1.0,1.0
DFL-MAT-J03WOH,124353,DFL-OBJ-00028V,unclear,unreviewed,스로인 상황은 빼자.,exclude,DFL-CLU-00000P,DFL-OBJ-0000NZ,direction_change,direction_change,-9.072,-25.466,4.147541440419869,3.545419294376342,3.60491165031098,0.0594923559346378,61.296654390652584,3.2676431873752696,2.4989705497942043,2.6674847933130077,1.0892143957917566,10.634796660021289,1.0,1.0,1.0
DFL-MAT-J03WOH,140274,DFL-OBJ-00028V,correct,settled_attack,,primary_settled,DFL-CLU-00000P,DFL-OBJ-002GM9,direction_change,direction_change,-18.198,-8.664,5.137277975737728,5.258266215247665,4.762281804649741,-0.4959844105979236,33.72866032119086,4.692824309517672,0.2582840635788136,0.9967259423382676,1.1242886773730283,18.935186822421375,1.0,1.0,1.0
DFL-MAT-J03WOH,147851,DFL-OBJ-002G5J,correct,settled_attack,,primary_settled,DFL-CLU-00000P,DFL-OBJ-0000F8,acceleration,acceleration,1.066,-1.294,1.6905768246370825,1.5767079308732947,3.3052185914147456,1.7285106605414509,1.646487366815936,3.102515753384663,3.7787366000433815,0.0,1.0341719177948876,14.758245153133892,1.0,1.0,1.0
DFL-MAT-J03WOH,161063,DFL-OBJ-0027P7,too_early,contested_possession,경합이 막 끝난 상황이라...애매한듯? 그냥 막 공 뺏어서 수비하려다가 다시 공격나가는거같아.,secondary_transition_diagnostic,DFL-CLU-000011,DFL-OBJ-0028OR,direction_change,direction_change,-26.64,0.538,2.509063570338541,2.4724351570811356,3.2330774240191675,0.7606422669380319,46.147717855645354,3.0217901978793926,2.6906660377755744,0.1316726303412997,1.0072633992931308,31.51665274105104,1.0,1.0,1.0
